Building DAG of jobs...
You are running snakemake in a SLURM job context. This is not recommended, as it may lead to unexpected behavior.Please run Snakemake directly on the login node.
SLURM run ID: 6d3b1d12-9547-4f37-b537-4e2eff28b51a
Using shell: /usr/bin/bash
Provided remote nodes: 20
Job stats:
job               count
--------------  -------
MAUDE_and_plot        1
all                   1
bcwithqc_done         1
setup                 1
total                 4

Select jobs to execute...
Execute 1 jobs...

[Mon Jun 29 18:18:18 2026]
checkpoint setup:
    input: config.yaml
    output: /scratch/link/Amplicon_barcode_analysis/HepG2_dual_rep_GALNAC_bcwithqc/.pipeline_state/resolved_config.rds, /scratch/link/Amplicon_barcode_analysis/HepG2_dual_rep_GALNAC_bcwithqc/.pipeline_state/resolved_config.yaml, /scratch/link/Amplicon_barcode_analysis/HepG2_dual_rep_GALNAC_bcwithqc/.pipeline_state/fastq_manifest.tsv, /scratch/link/Amplicon_barcode_analysis/HepG2_dual_rep_GALNAC_bcwithqc/.pipeline_state/01_setup.done
    jobid: 2
    reason: Missing output files: /scratch/link/Amplicon_barcode_analysis/HepG2_dual_rep_GALNAC_bcwithqc/.pipeline_state/resolved_config.rds, /scratch/link/Amplicon_barcode_analysis/HepG2_dual_rep_GALNAC_bcwithqc/.pipeline_state/01_setup.done
    resources: mem_mb=4000, mem_mib=3815, disk_mb=1000, disk_mib=954, tmpdir=<TBD>, runtime=10, slurm_account=lsteinme
DAG of jobs will be updated after completion.


        module load R/4.5.2-gfbf-2025b
        # export R_LIBS=/g/steinmetz/link/R-libs/x86_64-pc-linux-gnu/jupyterhub-ubuntu-24.04/4.5.2:/g/steinmetz/link/R-libs/x86_64-pc-linux-gnu/jupyterhub-ubuntu-22.04/4.4.1
        export R_LIBS_USER=/g/steinmetz/link/R-libs/x86_64-pc-linux-gnu/4.5.2
        Rscript --vanilla R/cli_setup.R config.yaml
        
Job 2 has been submitted with SLURM jobid 57769782 (log: /home/link/Amplicon_barcode_analysis/Lukas_Pipeline/binned_PCR_amplicon_UMI_analysis/.snakemake/slurm_logs/rule_setup/57769782.log).
[Mon Jun 29 18:18:52 2026]
Finished job 2.
1 of 4 steps (25%) done
Select jobs to execute...
Execute 1 jobs...

[Mon Jun 29 18:18:53 2026]
rule QC_filtering_R:
    input: /scratch/link/Amplicon_barcode_analysis/HepG2_dual_rep_GALNAC_bcwithqc/.pipeline_state/resolved_config.rds, /scratch/link/Amplicon_barcode_analysis/HepG2_dual_rep_GALNAC_bcwithqc/.pipeline_state/01_setup.done
    output: /scratch/link/Amplicon_barcode_analysis/HepG2_dual_rep_GALNAC_bcwithqc/.pipeline_state/QC_filtering_params.sh
    jobid: 10
    reason: Missing output files: /scratch/link/Amplicon_barcode_analysis/HepG2_dual_rep_GALNAC_bcwithqc/.pipeline_state/QC_filtering_params.sh
    resources: mem_mb=4000, mem_mib=3815, disk_mb=1000, disk_mib=954, tmpdir=<TBD>, runtime=10, slurm_account=lsteinme


        module load R/4.5.2-gfbf-2025b
        export R_LIBS_USER=/g/steinmetz/link/R-libs/x86_64-pc-linux-gnu/4.5.2
        Rscript --vanilla R/cli_QC_filtering.R /scratch/link/Amplicon_barcode_analysis/HepG2_dual_rep_GALNAC_bcwithqc/.pipeline_state/resolved_config.rds
        
Job 10 has been submitted with SLURM jobid 57769840 (log: /home/link/Amplicon_barcode_analysis/Lukas_Pipeline/binned_PCR_amplicon_UMI_analysis/.snakemake/slurm_logs/rule_QC_filtering_R/57769840.log).
[Mon Jun 29 18:19:22 2026]
Finished job 10.
2 of 77 steps (3%) done
Select jobs to execute...
Execute 20 jobs...

[Mon Jun 29 18:19:23 2026]
rule QC_filter_shell:
    input: /scratch/link/Amplicon_barcode_analysis/HepG2_dual_rep_GALNAC_bcwithqc/fastq_symlinks/L_L4_2.fastq.gz, /scratch/link/Amplicon_barcode_analysis/HepG2_dual_rep_GALNAC_bcwithqc/.pipeline_state/QC_filtering_params.sh, /scratch/link/Amplicon_barcode_analysis/HepG2_dual_rep_GALNAC_bcwithqc/.pipeline_state/01_setup.done
    output: /scratch/link/Amplicon_barcode_analysis/HepG2_dual_rep_GALNAC_bcwithqc/QC_filtered/L_L4_2.fastq.gz
    jobid: 55
    reason: Missing output files: /scratch/link/Amplicon_barcode_analysis/HepG2_dual_rep_GALNAC_bcwithqc/QC_filtered/L_L4_2.fastq.gz; Input files updated by another job: /scratch/link/Amplicon_barcode_analysis/HepG2_dual_rep_GALNAC_bcwithqc/.pipeline_state/QC_filtering_params.sh
    wildcards: sample=L_L4_2
    resources: mem_mb=16000, mem_mib=15259, disk_mb=1437, disk_mib=1371, tmpdir=<TBD>, runtime=60, slurm_account=lsteinme


        source /scratch/link/Amplicon_barcode_analysis/HepG2_dual_rep_GALNAC_bcwithqc/.pipeline_state/QC_filtering_params.sh

        if [[ "$QC_FILTERING_RUN" == "true" ]]; then
          bash shell/QC_filtering_snake.sh \
            --input-fastq /scratch/link/Amplicon_barcode_analysis/HepG2_dual_rep_GALNAC_bcwithqc/fastq_symlinks/L_L4_2.fastq.gz \
            --output-fastq /scratch/link/Amplicon_barcode_analysis/HepG2_dual_rep_GALNAC_bcwithqc/QC_filtered/L_L4_2.fastq.gz \
            --min-qual "$QC_MIN_QUAL" \
            --qual-offset "$QC_QUAL_OFFSET" \
            --min-length "$QC_MIN_LENGTH" \
            --use-modules "$USE_MODULES" \
            --seqtk-module "$SEQTK_MODULE"
        else
          mkdir -p "$(dirname "/scratch/link/Amplicon_barcode_analysis/HepG2_dual_rep_GALNAC_bcwithqc/QC_filtered/L_L4_2.fastq.gz")"

          if [[ "/scratch/link/Amplicon_barcode_analysis/HepG2_dual_rep_GALNAC_bcwithqc/fastq_symlinks/L_L4_2.fastq.gz" == *.gz ]]; then
            ln -sf "/scratch/link/Amplicon_barcode_analysis/HepG2_dual_rep_GALNAC_bcwithqc/fastq_symlinks/L_L4_2.fastq.gz" "/scratch/link/Amplicon_barcode_analysis/HepG2_dual_rep_GALNAC_bcwithqc/QC_filtered/L_L4_2.fastq.gz"
          else
            gzip -c "/scratch/link/Amplicon_barcode_analysis/HepG2_dual_rep_GALNAC_bcwithqc/fastq_symlinks/L_L4_2.fastq.gz" > "/scratch/link/Amplicon_barcode_analysis/HepG2_dual_rep_GALNAC_bcwithqc/QC_filtered/L_L4_2.fastq.gz"
          fi
        fi
        
Job 55 has been submitted with SLURM jobid 57769879 (log: /home/link/Amplicon_barcode_analysis/Lukas_Pipeline/binned_PCR_amplicon_UMI_analysis/.snakemake/slurm_logs/rule_QC_filter_shell/L_L4_2/57769879.log).

[Mon Jun 29 18:19:23 2026]
rule QC_filter_shell:
    input: /scratch/link/Amplicon_barcode_analysis/HepG2_dual_rep_GALNAC_bcwithqc/fastq_symlinks/L_L1_1.fastq.gz, /scratch/link/Amplicon_barcode_analysis/HepG2_dual_rep_GALNAC_bcwithqc/.pipeline_state/QC_filtering_params.sh, /scratch/link/Amplicon_barcode_analysis/HepG2_dual_rep_GALNAC_bcwithqc/.pipeline_state/01_setup.done
    output: /scratch/link/Amplicon_barcode_analysis/HepG2_dual_rep_GALNAC_bcwithqc/QC_filtered/L_L1_1.fastq.gz
    jobid: 34
    reason: Missing output files: /scratch/link/Amplicon_barcode_analysis/HepG2_dual_rep_GALNAC_bcwithqc/QC_filtered/L_L1_1.fastq.gz; Input files updated by another job: /scratch/link/Amplicon_barcode_analysis/HepG2_dual_rep_GALNAC_bcwithqc/.pipeline_state/QC_filtering_params.sh
    wildcards: sample=L_L1_1
    resources: mem_mb=16000, mem_mib=15259, disk_mb=1000, disk_mib=954, tmpdir=<TBD>, runtime=60, slurm_account=lsteinme


        source /scratch/link/Amplicon_barcode_analysis/HepG2_dual_rep_GALNAC_bcwithqc/.pipeline_state/QC_filtering_params.sh

        if [[ "$QC_FILTERING_RUN" == "true" ]]; then
          bash shell/QC_filtering_snake.sh \
            --input-fastq /scratch/link/Amplicon_barcode_analysis/HepG2_dual_rep_GALNAC_bcwithqc/fastq_symlinks/L_L1_1.fastq.gz \
            --output-fastq /scratch/link/Amplicon_barcode_analysis/HepG2_dual_rep_GALNAC_bcwithqc/QC_filtered/L_L1_1.fastq.gz \
            --min-qual "$QC_MIN_QUAL" \
            --qual-offset "$QC_QUAL_OFFSET" \
            --min-length "$QC_MIN_LENGTH" \
            --use-modules "$USE_MODULES" \
            --seqtk-module "$SEQTK_MODULE"
        else
          mkdir -p "$(dirname "/scratch/link/Amplicon_barcode_analysis/HepG2_dual_rep_GALNAC_bcwithqc/QC_filtered/L_L1_1.fastq.gz")"

          if [[ "/scratch/link/Amplicon_barcode_analysis/HepG2_dual_rep_GALNAC_bcwithqc/fastq_symlinks/L_L1_1.fastq.gz" == *.gz ]]; then
            ln -sf "/scratch/link/Amplicon_barcode_analysis/HepG2_dual_rep_GALNAC_bcwithqc/fastq_symlinks/L_L1_1.fastq.gz" "/scratch/link/Amplicon_barcode_analysis/HepG2_dual_rep_GALNAC_bcwithqc/QC_filtered/L_L1_1.fastq.gz"
          else
            gzip -c "/scratch/link/Amplicon_barcode_analysis/HepG2_dual_rep_GALNAC_bcwithqc/fastq_symlinks/L_L1_1.fastq.gz" > "/scratch/link/Amplicon_barcode_analysis/HepG2_dual_rep_GALNAC_bcwithqc/QC_filtered/L_L1_1.fastq.gz"
          fi
        fi
        
Job 34 has been submitted with SLURM jobid 57769880 (log: /home/link/Amplicon_barcode_analysis/Lukas_Pipeline/binned_PCR_amplicon_UMI_analysis/.snakemake/slurm_logs/rule_QC_filter_shell/L_L1_1/57769880.log).

[Mon Jun 29 18:19:23 2026]
rule QC_filter_shell:
    input: /scratch/link/Amplicon_barcode_analysis/HepG2_dual_rep_GALNAC_bcwithqc/fastq_symlinks/I_L1_2.fastq.gz, /scratch/link/Amplicon_barcode_analysis/HepG2_dual_rep_GALNAC_bcwithqc/.pipeline_state/QC_filtering_params.sh, /scratch/link/Amplicon_barcode_analysis/HepG2_dual_rep_GALNAC_bcwithqc/.pipeline_state/01_setup.done
    output: /scratch/link/Amplicon_barcode_analysis/HepG2_dual_rep_GALNAC_bcwithqc/QC_filtered/I_L1_2.fastq.gz
    jobid: 13
    reason: Missing output files: /scratch/link/Amplicon_barcode_analysis/HepG2_dual_rep_GALNAC_bcwithqc/QC_filtered/I_L1_2.fastq.gz; Input files updated by another job: /scratch/link/Amplicon_barcode_analysis/HepG2_dual_rep_GALNAC_bcwithqc/.pipeline_state/QC_filtering_params.sh
    wildcards: sample=I_L1_2
    resources: mem_mb=16000, mem_mib=15259, disk_mb=1000, disk_mib=954, tmpdir=<TBD>, runtime=60, slurm_account=lsteinme


        source /scratch/link/Amplicon_barcode_analysis/HepG2_dual_rep_GALNAC_bcwithqc/.pipeline_state/QC_filtering_params.sh

        if [[ "$QC_FILTERING_RUN" == "true" ]]; then
          bash shell/QC_filtering_snake.sh \
            --input-fastq /scratch/link/Amplicon_barcode_analysis/HepG2_dual_rep_GALNAC_bcwithqc/fastq_symlinks/I_L1_2.fastq.gz \
            --output-fastq /scratch/link/Amplicon_barcode_analysis/HepG2_dual_rep_GALNAC_bcwithqc/QC_filtered/I_L1_2.fastq.gz \
            --min-qual "$QC_MIN_QUAL" \
            --qual-offset "$QC_QUAL_OFFSET" \
            --min-length "$QC_MIN_LENGTH" \
            --use-modules "$USE_MODULES" \
            --seqtk-module "$SEQTK_MODULE"
        else
          mkdir -p "$(dirname "/scratch/link/Amplicon_barcode_analysis/HepG2_dual_rep_GALNAC_bcwithqc/QC_filtered/I_L1_2.fastq.gz")"

          if [[ "/scratch/link/Amplicon_barcode_analysis/HepG2_dual_rep_GALNAC_bcwithqc/fastq_symlinks/I_L1_2.fastq.gz" == *.gz ]]; then
            ln -sf "/scratch/link/Amplicon_barcode_analysis/HepG2_dual_rep_GALNAC_bcwithqc/fastq_symlinks/I_L1_2.fastq.gz" "/scratch/link/Amplicon_barcode_analysis/HepG2_dual_rep_GALNAC_bcwithqc/QC_filtered/I_L1_2.fastq.gz"
          else
            gzip -c "/scratch/link/Amplicon_barcode_analysis/HepG2_dual_rep_GALNAC_bcwithqc/fastq_symlinks/I_L1_2.fastq.gz" > "/scratch/link/Amplicon_barcode_analysis/HepG2_dual_rep_GALNAC_bcwithqc/QC_filtered/I_L1_2.fastq.gz"
          fi
        fi
        
Job 13 has been submitted with SLURM jobid 57769881 (log: /home/link/Amplicon_barcode_analysis/Lukas_Pipeline/binned_PCR_amplicon_UMI_analysis/.snakemake/slurm_logs/rule_QC_filter_shell/I_L1_2/57769881.log).

[Mon Jun 29 18:19:23 2026]
rule QC_filter_shell:
    input: /scratch/link/Amplicon_barcode_analysis/HepG2_dual_rep_GALNAC_bcwithqc/fastq_symlinks/U_L1_1.fastq.gz, /scratch/link/Amplicon_barcode_analysis/HepG2_dual_rep_GALNAC_bcwithqc/.pipeline_state/QC_filtering_params.sh, /scratch/link/Amplicon_barcode_analysis/HepG2_dual_rep_GALNAC_bcwithqc/.pipeline_state/01_setup.done
    output: /scratch/link/Amplicon_barcode_analysis/HepG2_dual_rep_GALNAC_bcwithqc/QC_filtered/U_L1_1.fastq.gz
    jobid: 58
    reason: Missing output files: /scratch/link/Amplicon_barcode_analysis/HepG2_dual_rep_GALNAC_bcwithqc/QC_filtered/U_L1_1.fastq.gz; Input files updated by another job: /scratch/link/Amplicon_barcode_analysis/HepG2_dual_rep_GALNAC_bcwithqc/.pipeline_state/QC_filtering_params.sh
    wildcards: sample=U_L1_1
    resources: mem_mb=16000, mem_mib=15259, disk_mb=1000, disk_mib=954, tmpdir=<TBD>, runtime=60, slurm_account=lsteinme


        source /scratch/link/Amplicon_barcode_analysis/HepG2_dual_rep_GALNAC_bcwithqc/.pipeline_state/QC_filtering_params.sh

        if [[ "$QC_FILTERING_RUN" == "true" ]]; then
          bash shell/QC_filtering_snake.sh \
            --input-fastq /scratch/link/Amplicon_barcode_analysis/HepG2_dual_rep_GALNAC_bcwithqc/fastq_symlinks/U_L1_1.fastq.gz \
            --output-fastq /scratch/link/Amplicon_barcode_analysis/HepG2_dual_rep_GALNAC_bcwithqc/QC_filtered/U_L1_1.fastq.gz \
            --min-qual "$QC_MIN_QUAL" \
            --qual-offset "$QC_QUAL_OFFSET" \
            --min-length "$QC_MIN_LENGTH" \
            --use-modules "$USE_MODULES" \
            --seqtk-module "$SEQTK_MODULE"
        else
          mkdir -p "$(dirname "/scratch/link/Amplicon_barcode_analysis/HepG2_dual_rep_GALNAC_bcwithqc/QC_filtered/U_L1_1.fastq.gz")"

          if [[ "/scratch/link/Amplicon_barcode_analysis/HepG2_dual_rep_GALNAC_bcwithqc/fastq_symlinks/U_L1_1.fastq.gz" == *.gz ]]; then
            ln -sf "/scratch/link/Amplicon_barcode_analysis/HepG2_dual_rep_GALNAC_bcwithqc/fastq_symlinks/U_L1_1.fastq.gz" "/scratch/link/Amplicon_barcode_analysis/HepG2_dual_rep_GALNAC_bcwithqc/QC_filtered/U_L1_1.fastq.gz"
          else
            gzip -c "/scratch/link/Amplicon_barcode_analysis/HepG2_dual_rep_GALNAC_bcwithqc/fastq_symlinks/U_L1_1.fastq.gz" > "/scratch/link/Amplicon_barcode_analysis/HepG2_dual_rep_GALNAC_bcwithqc/QC_filtered/U_L1_1.fastq.gz"
          fi
        fi
        
Job 58 has been submitted with SLURM jobid 57769882 (log: /home/link/Amplicon_barcode_analysis/Lukas_Pipeline/binned_PCR_amplicon_UMI_analysis/.snakemake/slurm_logs/rule_QC_filter_shell/U_L1_1/57769882.log).

[Mon Jun 29 18:19:23 2026]
rule QC_filter_shell:
    input: /scratch/link/Amplicon_barcode_analysis/HepG2_dual_rep_GALNAC_bcwithqc/fastq_symlinks/L_L1_2.fastq.gz, /scratch/link/Amplicon_barcode_analysis/HepG2_dual_rep_GALNAC_bcwithqc/.pipeline_state/QC_filtering_params.sh, /scratch/link/Amplicon_barcode_analysis/HepG2_dual_rep_GALNAC_bcwithqc/.pipeline_state/01_setup.done
    output: /scratch/link/Amplicon_barcode_analysis/HepG2_dual_rep_GALNAC_bcwithqc/QC_filtered/L_L1_2.fastq.gz
    jobid: 37
    reason: Missing output files: /scratch/link/Amplicon_barcode_analysis/HepG2_dual_rep_GALNAC_bcwithqc/QC_filtered/L_L1_2.fastq.gz; Input files updated by another job: /scratch/link/Amplicon_barcode_analysis/HepG2_dual_rep_GALNAC_bcwithqc/.pipeline_state/QC_filtering_params.sh
    wildcards: sample=L_L1_2
    resources: mem_mb=16000, mem_mib=15259, disk_mb=1000, disk_mib=954, tmpdir=<TBD>, runtime=60, slurm_account=lsteinme


        source /scratch/link/Amplicon_barcode_analysis/HepG2_dual_rep_GALNAC_bcwithqc/.pipeline_state/QC_filtering_params.sh

        if [[ "$QC_FILTERING_RUN" == "true" ]]; then
          bash shell/QC_filtering_snake.sh \
            --input-fastq /scratch/link/Amplicon_barcode_analysis/HepG2_dual_rep_GALNAC_bcwithqc/fastq_symlinks/L_L1_2.fastq.gz \
            --output-fastq /scratch/link/Amplicon_barcode_analysis/HepG2_dual_rep_GALNAC_bcwithqc/QC_filtered/L_L1_2.fastq.gz \
            --min-qual "$QC_MIN_QUAL" \
            --qual-offset "$QC_QUAL_OFFSET" \
            --min-length "$QC_MIN_LENGTH" \
            --use-modules "$USE_MODULES" \
            --seqtk-module "$SEQTK_MODULE"
        else
          mkdir -p "$(dirname "/scratch/link/Amplicon_barcode_analysis/HepG2_dual_rep_GALNAC_bcwithqc/QC_filtered/L_L1_2.fastq.gz")"

          if [[ "/scratch/link/Amplicon_barcode_analysis/HepG2_dual_rep_GALNAC_bcwithqc/fastq_symlinks/L_L1_2.fastq.gz" == *.gz ]]; then
            ln -sf "/scratch/link/Amplicon_barcode_analysis/HepG2_dual_rep_GALNAC_bcwithqc/fastq_symlinks/L_L1_2.fastq.gz" "/scratch/link/Amplicon_barcode_analysis/HepG2_dual_rep_GALNAC_bcwithqc/QC_filtered/L_L1_2.fastq.gz"
          else
            gzip -c "/scratch/link/Amplicon_barcode_analysis/HepG2_dual_rep_GALNAC_bcwithqc/fastq_symlinks/L_L1_2.fastq.gz" > "/scratch/link/Amplicon_barcode_analysis/HepG2_dual_rep_GALNAC_bcwithqc/QC_filtered/L_L1_2.fastq.gz"
          fi
        fi
        
Job 37 has been submitted with SLURM jobid 57769883 (log: /home/link/Amplicon_barcode_analysis/Lukas_Pipeline/binned_PCR_amplicon_UMI_analysis/.snakemake/slurm_logs/rule_QC_filter_shell/L_L1_2/57769883.log).

[Mon Jun 29 18:19:23 2026]
rule QC_filter_shell:
    input: /scratch/link/Amplicon_barcode_analysis/HepG2_dual_rep_GALNAC_bcwithqc/fastq_symlinks/I_L2_1.fastq.gz, /scratch/link/Amplicon_barcode_analysis/HepG2_dual_rep_GALNAC_bcwithqc/.pipeline_state/QC_filtering_params.sh, /scratch/link/Amplicon_barcode_analysis/HepG2_dual_rep_GALNAC_bcwithqc/.pipeline_state/01_setup.done
    output: /scratch/link/Amplicon_barcode_analysis/HepG2_dual_rep_GALNAC_bcwithqc/QC_filtered/I_L2_1.fastq.gz
    jobid: 16
    reason: Missing output files: /scratch/link/Amplicon_barcode_analysis/HepG2_dual_rep_GALNAC_bcwithqc/QC_filtered/I_L2_1.fastq.gz; Input files updated by another job: /scratch/link/Amplicon_barcode_analysis/HepG2_dual_rep_GALNAC_bcwithqc/.pipeline_state/QC_filtering_params.sh
    wildcards: sample=I_L2_1
    resources: mem_mb=16000, mem_mib=15259, disk_mb=1000, disk_mib=954, tmpdir=<TBD>, runtime=60, slurm_account=lsteinme


        source /scratch/link/Amplicon_barcode_analysis/HepG2_dual_rep_GALNAC_bcwithqc/.pipeline_state/QC_filtering_params.sh

        if [[ "$QC_FILTERING_RUN" == "true" ]]; then
          bash shell/QC_filtering_snake.sh \
            --input-fastq /scratch/link/Amplicon_barcode_analysis/HepG2_dual_rep_GALNAC_bcwithqc/fastq_symlinks/I_L2_1.fastq.gz \
            --output-fastq /scratch/link/Amplicon_barcode_analysis/HepG2_dual_rep_GALNAC_bcwithqc/QC_filtered/I_L2_1.fastq.gz \
            --min-qual "$QC_MIN_QUAL" \
            --qual-offset "$QC_QUAL_OFFSET" \
            --min-length "$QC_MIN_LENGTH" \
            --use-modules "$USE_MODULES" \
            --seqtk-module "$SEQTK_MODULE"
        else
          mkdir -p "$(dirname "/scratch/link/Amplicon_barcode_analysis/HepG2_dual_rep_GALNAC_bcwithqc/QC_filtered/I_L2_1.fastq.gz")"

          if [[ "/scratch/link/Amplicon_barcode_analysis/HepG2_dual_rep_GALNAC_bcwithqc/fastq_symlinks/I_L2_1.fastq.gz" == *.gz ]]; then
            ln -sf "/scratch/link/Amplicon_barcode_analysis/HepG2_dual_rep_GALNAC_bcwithqc/fastq_symlinks/I_L2_1.fastq.gz" "/scratch/link/Amplicon_barcode_analysis/HepG2_dual_rep_GALNAC_bcwithqc/QC_filtered/I_L2_1.fastq.gz"
          else
            gzip -c "/scratch/link/Amplicon_barcode_analysis/HepG2_dual_rep_GALNAC_bcwithqc/fastq_symlinks/I_L2_1.fastq.gz" > "/scratch/link/Amplicon_barcode_analysis/HepG2_dual_rep_GALNAC_bcwithqc/QC_filtered/I_L2_1.fastq.gz"
          fi
        fi
        
Job 16 has been submitted with SLURM jobid 57769884 (log: /home/link/Amplicon_barcode_analysis/Lukas_Pipeline/binned_PCR_amplicon_UMI_analysis/.snakemake/slurm_logs/rule_QC_filter_shell/I_L2_1/57769884.log).

[Mon Jun 29 18:19:23 2026]
rule QC_filter_shell:
    input: /scratch/link/Amplicon_barcode_analysis/HepG2_dual_rep_GALNAC_bcwithqc/fastq_symlinks/U_L1_2.fastq.gz, /scratch/link/Amplicon_barcode_analysis/HepG2_dual_rep_GALNAC_bcwithqc/.pipeline_state/QC_filtering_params.sh, /scratch/link/Amplicon_barcode_analysis/HepG2_dual_rep_GALNAC_bcwithqc/.pipeline_state/01_setup.done
    output: /scratch/link/Amplicon_barcode_analysis/HepG2_dual_rep_GALNAC_bcwithqc/QC_filtered/U_L1_2.fastq.gz
    jobid: 61
    reason: Missing output files: /scratch/link/Amplicon_barcode_analysis/HepG2_dual_rep_GALNAC_bcwithqc/QC_filtered/U_L1_2.fastq.gz; Input files updated by another job: /scratch/link/Amplicon_barcode_analysis/HepG2_dual_rep_GALNAC_bcwithqc/.pipeline_state/QC_filtering_params.sh
    wildcards: sample=U_L1_2
    resources: mem_mb=16000, mem_mib=15259, disk_mb=1000, disk_mib=954, tmpdir=<TBD>, runtime=60, slurm_account=lsteinme


        source /scratch/link/Amplicon_barcode_analysis/HepG2_dual_rep_GALNAC_bcwithqc/.pipeline_state/QC_filtering_params.sh

        if [[ "$QC_FILTERING_RUN" == "true" ]]; then
          bash shell/QC_filtering_snake.sh \
            --input-fastq /scratch/link/Amplicon_barcode_analysis/HepG2_dual_rep_GALNAC_bcwithqc/fastq_symlinks/U_L1_2.fastq.gz \
            --output-fastq /scratch/link/Amplicon_barcode_analysis/HepG2_dual_rep_GALNAC_bcwithqc/QC_filtered/U_L1_2.fastq.gz \
            --min-qual "$QC_MIN_QUAL" \
            --qual-offset "$QC_QUAL_OFFSET" \
            --min-length "$QC_MIN_LENGTH" \
            --use-modules "$USE_MODULES" \
            --seqtk-module "$SEQTK_MODULE"
        else
          mkdir -p "$(dirname "/scratch/link/Amplicon_barcode_analysis/HepG2_dual_rep_GALNAC_bcwithqc/QC_filtered/U_L1_2.fastq.gz")"

          if [[ "/scratch/link/Amplicon_barcode_analysis/HepG2_dual_rep_GALNAC_bcwithqc/fastq_symlinks/U_L1_2.fastq.gz" == *.gz ]]; then
            ln -sf "/scratch/link/Amplicon_barcode_analysis/HepG2_dual_rep_GALNAC_bcwithqc/fastq_symlinks/U_L1_2.fastq.gz" "/scratch/link/Amplicon_barcode_analysis/HepG2_dual_rep_GALNAC_bcwithqc/QC_filtered/U_L1_2.fastq.gz"
          else
            gzip -c "/scratch/link/Amplicon_barcode_analysis/HepG2_dual_rep_GALNAC_bcwithqc/fastq_symlinks/U_L1_2.fastq.gz" > "/scratch/link/Amplicon_barcode_analysis/HepG2_dual_rep_GALNAC_bcwithqc/QC_filtered/U_L1_2.fastq.gz"
          fi
        fi
        
Job 61 has been submitted with SLURM jobid 57769885 (log: /home/link/Amplicon_barcode_analysis/Lukas_Pipeline/binned_PCR_amplicon_UMI_analysis/.snakemake/slurm_logs/rule_QC_filter_shell/U_L1_2/57769885.log).

[Mon Jun 29 18:19:23 2026]
rule QC_filter_shell:
    input: /scratch/link/Amplicon_barcode_analysis/HepG2_dual_rep_GALNAC_bcwithqc/fastq_symlinks/L_L2_1.fastq.gz, /scratch/link/Amplicon_barcode_analysis/HepG2_dual_rep_GALNAC_bcwithqc/.pipeline_state/QC_filtering_params.sh, /scratch/link/Amplicon_barcode_analysis/HepG2_dual_rep_GALNAC_bcwithqc/.pipeline_state/01_setup.done
    output: /scratch/link/Amplicon_barcode_analysis/HepG2_dual_rep_GALNAC_bcwithqc/QC_filtered/L_L2_1.fastq.gz
    jobid: 40
    reason: Missing output files: /scratch/link/Amplicon_barcode_analysis/HepG2_dual_rep_GALNAC_bcwithqc/QC_filtered/L_L2_1.fastq.gz; Input files updated by another job: /scratch/link/Amplicon_barcode_analysis/HepG2_dual_rep_GALNAC_bcwithqc/.pipeline_state/QC_filtering_params.sh
    wildcards: sample=L_L2_1
    resources: mem_mb=16000, mem_mib=15259, disk_mb=1000, disk_mib=954, tmpdir=<TBD>, runtime=60, slurm_account=lsteinme


        source /scratch/link/Amplicon_barcode_analysis/HepG2_dual_rep_GALNAC_bcwithqc/.pipeline_state/QC_filtering_params.sh

        if [[ "$QC_FILTERING_RUN" == "true" ]]; then
          bash shell/QC_filtering_snake.sh \
            --input-fastq /scratch/link/Amplicon_barcode_analysis/HepG2_dual_rep_GALNAC_bcwithqc/fastq_symlinks/L_L2_1.fastq.gz \
            --output-fastq /scratch/link/Amplicon_barcode_analysis/HepG2_dual_rep_GALNAC_bcwithqc/QC_filtered/L_L2_1.fastq.gz \
            --min-qual "$QC_MIN_QUAL" \
            --qual-offset "$QC_QUAL_OFFSET" \
            --min-length "$QC_MIN_LENGTH" \
            --use-modules "$USE_MODULES" \
            --seqtk-module "$SEQTK_MODULE"
        else
          mkdir -p "$(dirname "/scratch/link/Amplicon_barcode_analysis/HepG2_dual_rep_GALNAC_bcwithqc/QC_filtered/L_L2_1.fastq.gz")"

          if [[ "/scratch/link/Amplicon_barcode_analysis/HepG2_dual_rep_GALNAC_bcwithqc/fastq_symlinks/L_L2_1.fastq.gz" == *.gz ]]; then
            ln -sf "/scratch/link/Amplicon_barcode_analysis/HepG2_dual_rep_GALNAC_bcwithqc/fastq_symlinks/L_L2_1.fastq.gz" "/scratch/link/Amplicon_barcode_analysis/HepG2_dual_rep_GALNAC_bcwithqc/QC_filtered/L_L2_1.fastq.gz"
          else
            gzip -c "/scratch/link/Amplicon_barcode_analysis/HepG2_dual_rep_GALNAC_bcwithqc/fastq_symlinks/L_L2_1.fastq.gz" > "/scratch/link/Amplicon_barcode_analysis/HepG2_dual_rep_GALNAC_bcwithqc/QC_filtered/L_L2_1.fastq.gz"
          fi
        fi
        
Job 40 has been submitted with SLURM jobid 57769886 (log: /home/link/Amplicon_barcode_analysis/Lukas_Pipeline/binned_PCR_amplicon_UMI_analysis/.snakemake/slurm_logs/rule_QC_filter_shell/L_L2_1/57769886.log).

[Mon Jun 29 18:19:23 2026]
rule QC_filter_shell:
    input: /scratch/link/Amplicon_barcode_analysis/HepG2_dual_rep_GALNAC_bcwithqc/fastq_symlinks/I_L1_1.fastq.gz, /scratch/link/Amplicon_barcode_analysis/HepG2_dual_rep_GALNAC_bcwithqc/.pipeline_state/QC_filtering_params.sh, /scratch/link/Amplicon_barcode_analysis/HepG2_dual_rep_GALNAC_bcwithqc/.pipeline_state/01_setup.done
    output: /scratch/link/Amplicon_barcode_analysis/HepG2_dual_rep_GALNAC_bcwithqc/QC_filtered/I_L1_1.fastq.gz
    jobid: 9
    reason: Missing output files: /scratch/link/Amplicon_barcode_analysis/HepG2_dual_rep_GALNAC_bcwithqc/QC_filtered/I_L1_1.fastq.gz; Input files updated by another job: /scratch/link/Amplicon_barcode_analysis/HepG2_dual_rep_GALNAC_bcwithqc/.pipeline_state/QC_filtering_params.sh
    wildcards: sample=I_L1_1
    resources: mem_mb=16000, mem_mib=15259, disk_mb=1000, disk_mib=954, tmpdir=<TBD>, runtime=60, slurm_account=lsteinme


        source /scratch/link/Amplicon_barcode_analysis/HepG2_dual_rep_GALNAC_bcwithqc/.pipeline_state/QC_filtering_params.sh

        if [[ "$QC_FILTERING_RUN" == "true" ]]; then
          bash shell/QC_filtering_snake.sh \
            --input-fastq /scratch/link/Amplicon_barcode_analysis/HepG2_dual_rep_GALNAC_bcwithqc/fastq_symlinks/I_L1_1.fastq.gz \
            --output-fastq /scratch/link/Amplicon_barcode_analysis/HepG2_dual_rep_GALNAC_bcwithqc/QC_filtered/I_L1_1.fastq.gz \
            --min-qual "$QC_MIN_QUAL" \
            --qual-offset "$QC_QUAL_OFFSET" \
            --min-length "$QC_MIN_LENGTH" \
            --use-modules "$USE_MODULES" \
            --seqtk-module "$SEQTK_MODULE"
        else
          mkdir -p "$(dirname "/scratch/link/Amplicon_barcode_analysis/HepG2_dual_rep_GALNAC_bcwithqc/QC_filtered/I_L1_1.fastq.gz")"

          if [[ "/scratch/link/Amplicon_barcode_analysis/HepG2_dual_rep_GALNAC_bcwithqc/fastq_symlinks/I_L1_1.fastq.gz" == *.gz ]]; then
            ln -sf "/scratch/link/Amplicon_barcode_analysis/HepG2_dual_rep_GALNAC_bcwithqc/fastq_symlinks/I_L1_1.fastq.gz" "/scratch/link/Amplicon_barcode_analysis/HepG2_dual_rep_GALNAC_bcwithqc/QC_filtered/I_L1_1.fastq.gz"
          else
            gzip -c "/scratch/link/Amplicon_barcode_analysis/HepG2_dual_rep_GALNAC_bcwithqc/fastq_symlinks/I_L1_1.fastq.gz" > "/scratch/link/Amplicon_barcode_analysis/HepG2_dual_rep_GALNAC_bcwithqc/QC_filtered/I_L1_1.fastq.gz"
          fi
        fi
        
Job 9 has been submitted with SLURM jobid 57769887 (log: /home/link/Amplicon_barcode_analysis/Lukas_Pipeline/binned_PCR_amplicon_UMI_analysis/.snakemake/slurm_logs/rule_QC_filter_shell/I_L1_1/57769887.log).

[Mon Jun 29 18:19:24 2026]
rule QC_filter_shell:
    input: /scratch/link/Amplicon_barcode_analysis/HepG2_dual_rep_GALNAC_bcwithqc/fastq_symlinks/I_L3_1.fastq.gz, /scratch/link/Amplicon_barcode_analysis/HepG2_dual_rep_GALNAC_bcwithqc/.pipeline_state/QC_filtering_params.sh, /scratch/link/Amplicon_barcode_analysis/HepG2_dual_rep_GALNAC_bcwithqc/.pipeline_state/01_setup.done
    output: /scratch/link/Amplicon_barcode_analysis/HepG2_dual_rep_GALNAC_bcwithqc/QC_filtered/I_L3_1.fastq.gz
    jobid: 22
    reason: Missing output files: /scratch/link/Amplicon_barcode_analysis/HepG2_dual_rep_GALNAC_bcwithqc/QC_filtered/I_L3_1.fastq.gz; Input files updated by another job: /scratch/link/Amplicon_barcode_analysis/HepG2_dual_rep_GALNAC_bcwithqc/.pipeline_state/QC_filtering_params.sh
    wildcards: sample=I_L3_1
    resources: mem_mb=16000, mem_mib=15259, disk_mb=1172, disk_mib=1118, tmpdir=<TBD>, runtime=60, slurm_account=lsteinme


        source /scratch/link/Amplicon_barcode_analysis/HepG2_dual_rep_GALNAC_bcwithqc/.pipeline_state/QC_filtering_params.sh

        if [[ "$QC_FILTERING_RUN" == "true" ]]; then
          bash shell/QC_filtering_snake.sh \
            --input-fastq /scratch/link/Amplicon_barcode_analysis/HepG2_dual_rep_GALNAC_bcwithqc/fastq_symlinks/I_L3_1.fastq.gz \
            --output-fastq /scratch/link/Amplicon_barcode_analysis/HepG2_dual_rep_GALNAC_bcwithqc/QC_filtered/I_L3_1.fastq.gz \
            --min-qual "$QC_MIN_QUAL" \
            --qual-offset "$QC_QUAL_OFFSET" \
            --min-length "$QC_MIN_LENGTH" \
            --use-modules "$USE_MODULES" \
            --seqtk-module "$SEQTK_MODULE"
        else
          mkdir -p "$(dirname "/scratch/link/Amplicon_barcode_analysis/HepG2_dual_rep_GALNAC_bcwithqc/QC_filtered/I_L3_1.fastq.gz")"

          if [[ "/scratch/link/Amplicon_barcode_analysis/HepG2_dual_rep_GALNAC_bcwithqc/fastq_symlinks/I_L3_1.fastq.gz" == *.gz ]]; then
            ln -sf "/scratch/link/Amplicon_barcode_analysis/HepG2_dual_rep_GALNAC_bcwithqc/fastq_symlinks/I_L3_1.fastq.gz" "/scratch/link/Amplicon_barcode_analysis/HepG2_dual_rep_GALNAC_bcwithqc/QC_filtered/I_L3_1.fastq.gz"
          else
            gzip -c "/scratch/link/Amplicon_barcode_analysis/HepG2_dual_rep_GALNAC_bcwithqc/fastq_symlinks/I_L3_1.fastq.gz" > "/scratch/link/Amplicon_barcode_analysis/HepG2_dual_rep_GALNAC_bcwithqc/QC_filtered/I_L3_1.fastq.gz"
          fi
        fi
        
Job 22 has been submitted with SLURM jobid 57769888 (log: /home/link/Amplicon_barcode_analysis/Lukas_Pipeline/binned_PCR_amplicon_UMI_analysis/.snakemake/slurm_logs/rule_QC_filter_shell/I_L3_1/57769888.log).

[Mon Jun 29 18:19:24 2026]
rule QC_filter_shell:
    input: /scratch/link/Amplicon_barcode_analysis/HepG2_dual_rep_GALNAC_bcwithqc/fastq_symlinks/U_L2_2.fastq.gz, /scratch/link/Amplicon_barcode_analysis/HepG2_dual_rep_GALNAC_bcwithqc/.pipeline_state/QC_filtering_params.sh, /scratch/link/Amplicon_barcode_analysis/HepG2_dual_rep_GALNAC_bcwithqc/.pipeline_state/01_setup.done
    output: /scratch/link/Amplicon_barcode_analysis/HepG2_dual_rep_GALNAC_bcwithqc/QC_filtered/U_L2_2.fastq.gz
    jobid: 67
    reason: Missing output files: /scratch/link/Amplicon_barcode_analysis/HepG2_dual_rep_GALNAC_bcwithqc/QC_filtered/U_L2_2.fastq.gz; Input files updated by another job: /scratch/link/Amplicon_barcode_analysis/HepG2_dual_rep_GALNAC_bcwithqc/.pipeline_state/QC_filtering_params.sh
    wildcards: sample=U_L2_2
    resources: mem_mb=16000, mem_mib=15259, disk_mb=1000, disk_mib=954, tmpdir=<TBD>, runtime=60, slurm_account=lsteinme


        source /scratch/link/Amplicon_barcode_analysis/HepG2_dual_rep_GALNAC_bcwithqc/.pipeline_state/QC_filtering_params.sh

        if [[ "$QC_FILTERING_RUN" == "true" ]]; then
          bash shell/QC_filtering_snake.sh \
            --input-fastq /scratch/link/Amplicon_barcode_analysis/HepG2_dual_rep_GALNAC_bcwithqc/fastq_symlinks/U_L2_2.fastq.gz \
            --output-fastq /scratch/link/Amplicon_barcode_analysis/HepG2_dual_rep_GALNAC_bcwithqc/QC_filtered/U_L2_2.fastq.gz \
            --min-qual "$QC_MIN_QUAL" \
            --qual-offset "$QC_QUAL_OFFSET" \
            --min-length "$QC_MIN_LENGTH" \
            --use-modules "$USE_MODULES" \
            --seqtk-module "$SEQTK_MODULE"
        else
          mkdir -p "$(dirname "/scratch/link/Amplicon_barcode_analysis/HepG2_dual_rep_GALNAC_bcwithqc/QC_filtered/U_L2_2.fastq.gz")"

          if [[ "/scratch/link/Amplicon_barcode_analysis/HepG2_dual_rep_GALNAC_bcwithqc/fastq_symlinks/U_L2_2.fastq.gz" == *.gz ]]; then
            ln -sf "/scratch/link/Amplicon_barcode_analysis/HepG2_dual_rep_GALNAC_bcwithqc/fastq_symlinks/U_L2_2.fastq.gz" "/scratch/link/Amplicon_barcode_analysis/HepG2_dual_rep_GALNAC_bcwithqc/QC_filtered/U_L2_2.fastq.gz"
          else
            gzip -c "/scratch/link/Amplicon_barcode_analysis/HepG2_dual_rep_GALNAC_bcwithqc/fastq_symlinks/U_L2_2.fastq.gz" > "/scratch/link/Amplicon_barcode_analysis/HepG2_dual_rep_GALNAC_bcwithqc/QC_filtered/U_L2_2.fastq.gz"
          fi
        fi
        
Job 67 has been submitted with SLURM jobid 57769889 (log: /home/link/Amplicon_barcode_analysis/Lukas_Pipeline/binned_PCR_amplicon_UMI_analysis/.snakemake/slurm_logs/rule_QC_filter_shell/U_L2_2/57769889.log).

[Mon Jun 29 18:19:24 2026]
rule QC_filter_shell:
    input: /scratch/link/Amplicon_barcode_analysis/HepG2_dual_rep_GALNAC_bcwithqc/fastq_symlinks/L_L3_1.fastq.gz, /scratch/link/Amplicon_barcode_analysis/HepG2_dual_rep_GALNAC_bcwithqc/.pipeline_state/QC_filtering_params.sh, /scratch/link/Amplicon_barcode_analysis/HepG2_dual_rep_GALNAC_bcwithqc/.pipeline_state/01_setup.done
    output: /scratch/link/Amplicon_barcode_analysis/HepG2_dual_rep_GALNAC_bcwithqc/QC_filtered/L_L3_1.fastq.gz
    jobid: 46
    reason: Missing output files: /scratch/link/Amplicon_barcode_analysis/HepG2_dual_rep_GALNAC_bcwithqc/QC_filtered/L_L3_1.fastq.gz; Input files updated by another job: /scratch/link/Amplicon_barcode_analysis/HepG2_dual_rep_GALNAC_bcwithqc/.pipeline_state/QC_filtering_params.sh
    wildcards: sample=L_L3_1
    resources: mem_mb=16000, mem_mib=15259, disk_mb=1284, disk_mib=1225, tmpdir=<TBD>, runtime=60, slurm_account=lsteinme


        source /scratch/link/Amplicon_barcode_analysis/HepG2_dual_rep_GALNAC_bcwithqc/.pipeline_state/QC_filtering_params.sh

        if [[ "$QC_FILTERING_RUN" == "true" ]]; then
          bash shell/QC_filtering_snake.sh \
            --input-fastq /scratch/link/Amplicon_barcode_analysis/HepG2_dual_rep_GALNAC_bcwithqc/fastq_symlinks/L_L3_1.fastq.gz \
            --output-fastq /scratch/link/Amplicon_barcode_analysis/HepG2_dual_rep_GALNAC_bcwithqc/QC_filtered/L_L3_1.fastq.gz \
            --min-qual "$QC_MIN_QUAL" \
            --qual-offset "$QC_QUAL_OFFSET" \
            --min-length "$QC_MIN_LENGTH" \
            --use-modules "$USE_MODULES" \
            --seqtk-module "$SEQTK_MODULE"
        else
          mkdir -p "$(dirname "/scratch/link/Amplicon_barcode_analysis/HepG2_dual_rep_GALNAC_bcwithqc/QC_filtered/L_L3_1.fastq.gz")"

          if [[ "/scratch/link/Amplicon_barcode_analysis/HepG2_dual_rep_GALNAC_bcwithqc/fastq_symlinks/L_L3_1.fastq.gz" == *.gz ]]; then
            ln -sf "/scratch/link/Amplicon_barcode_analysis/HepG2_dual_rep_GALNAC_bcwithqc/fastq_symlinks/L_L3_1.fastq.gz" "/scratch/link/Amplicon_barcode_analysis/HepG2_dual_rep_GALNAC_bcwithqc/QC_filtered/L_L3_1.fastq.gz"
          else
            gzip -c "/scratch/link/Amplicon_barcode_analysis/HepG2_dual_rep_GALNAC_bcwithqc/fastq_symlinks/L_L3_1.fastq.gz" > "/scratch/link/Amplicon_barcode_analysis/HepG2_dual_rep_GALNAC_bcwithqc/QC_filtered/L_L3_1.fastq.gz"
          fi
        fi
        
Job 46 has been submitted with SLURM jobid 57769890 (log: /home/link/Amplicon_barcode_analysis/Lukas_Pipeline/binned_PCR_amplicon_UMI_analysis/.snakemake/slurm_logs/rule_QC_filter_shell/L_L3_1/57769890.log).

[Mon Jun 29 18:19:24 2026]
rule QC_filter_shell:
    input: /scratch/link/Amplicon_barcode_analysis/HepG2_dual_rep_GALNAC_bcwithqc/fastq_symlinks/U_L4_1.fastq.gz, /scratch/link/Amplicon_barcode_analysis/HepG2_dual_rep_GALNAC_bcwithqc/.pipeline_state/QC_filtering_params.sh, /scratch/link/Amplicon_barcode_analysis/HepG2_dual_rep_GALNAC_bcwithqc/.pipeline_state/01_setup.done
    output: /scratch/link/Amplicon_barcode_analysis/HepG2_dual_rep_GALNAC_bcwithqc/QC_filtered/U_L4_1.fastq.gz
    jobid: 76
    reason: Missing output files: /scratch/link/Amplicon_barcode_analysis/HepG2_dual_rep_GALNAC_bcwithqc/QC_filtered/U_L4_1.fastq.gz; Input files updated by another job: /scratch/link/Amplicon_barcode_analysis/HepG2_dual_rep_GALNAC_bcwithqc/.pipeline_state/QC_filtering_params.sh
    wildcards: sample=U_L4_1
    resources: mem_mb=16000, mem_mib=15259, disk_mb=1000, disk_mib=954, tmpdir=<TBD>, runtime=60, slurm_account=lsteinme


        source /scratch/link/Amplicon_barcode_analysis/HepG2_dual_rep_GALNAC_bcwithqc/.pipeline_state/QC_filtering_params.sh

        if [[ "$QC_FILTERING_RUN" == "true" ]]; then
          bash shell/QC_filtering_snake.sh \
            --input-fastq /scratch/link/Amplicon_barcode_analysis/HepG2_dual_rep_GALNAC_bcwithqc/fastq_symlinks/U_L4_1.fastq.gz \
            --output-fastq /scratch/link/Amplicon_barcode_analysis/HepG2_dual_rep_GALNAC_bcwithqc/QC_filtered/U_L4_1.fastq.gz \
            --min-qual "$QC_MIN_QUAL" \
            --qual-offset "$QC_QUAL_OFFSET" \
            --min-length "$QC_MIN_LENGTH" \
            --use-modules "$USE_MODULES" \
            --seqtk-module "$SEQTK_MODULE"
        else
          mkdir -p "$(dirname "/scratch/link/Amplicon_barcode_analysis/HepG2_dual_rep_GALNAC_bcwithqc/QC_filtered/U_L4_1.fastq.gz")"

          if [[ "/scratch/link/Amplicon_barcode_analysis/HepG2_dual_rep_GALNAC_bcwithqc/fastq_symlinks/U_L4_1.fastq.gz" == *.gz ]]; then
            ln -sf "/scratch/link/Amplicon_barcode_analysis/HepG2_dual_rep_GALNAC_bcwithqc/fastq_symlinks/U_L4_1.fastq.gz" "/scratch/link/Amplicon_barcode_analysis/HepG2_dual_rep_GALNAC_bcwithqc/QC_filtered/U_L4_1.fastq.gz"
          else
            gzip -c "/scratch/link/Amplicon_barcode_analysis/HepG2_dual_rep_GALNAC_bcwithqc/fastq_symlinks/U_L4_1.fastq.gz" > "/scratch/link/Amplicon_barcode_analysis/HepG2_dual_rep_GALNAC_bcwithqc/QC_filtered/U_L4_1.fastq.gz"
          fi
        fi
        
Job 76 has been submitted with SLURM jobid 57769891 (log: /home/link/Amplicon_barcode_analysis/Lukas_Pipeline/binned_PCR_amplicon_UMI_analysis/.snakemake/slurm_logs/rule_QC_filter_shell/U_L4_1/57769891.log).

[Mon Jun 29 18:19:24 2026]
rule QC_filter_shell:
    input: /scratch/link/Amplicon_barcode_analysis/HepG2_dual_rep_GALNAC_bcwithqc/fastq_symlinks/U_L3_1.fastq.gz, /scratch/link/Amplicon_barcode_analysis/HepG2_dual_rep_GALNAC_bcwithqc/.pipeline_state/QC_filtering_params.sh, /scratch/link/Amplicon_barcode_analysis/HepG2_dual_rep_GALNAC_bcwithqc/.pipeline_state/01_setup.done
    output: /scratch/link/Amplicon_barcode_analysis/HepG2_dual_rep_GALNAC_bcwithqc/QC_filtered/U_L3_1.fastq.gz
    jobid: 70
    reason: Missing output files: /scratch/link/Amplicon_barcode_analysis/HepG2_dual_rep_GALNAC_bcwithqc/QC_filtered/U_L3_1.fastq.gz; Input files updated by another job: /scratch/link/Amplicon_barcode_analysis/HepG2_dual_rep_GALNAC_bcwithqc/.pipeline_state/QC_filtering_params.sh
    wildcards: sample=U_L3_1
    resources: mem_mb=16000, mem_mib=15259, disk_mb=1328, disk_mib=1267, tmpdir=<TBD>, runtime=60, slurm_account=lsteinme


        source /scratch/link/Amplicon_barcode_analysis/HepG2_dual_rep_GALNAC_bcwithqc/.pipeline_state/QC_filtering_params.sh

        if [[ "$QC_FILTERING_RUN" == "true" ]]; then
          bash shell/QC_filtering_snake.sh \
            --input-fastq /scratch/link/Amplicon_barcode_analysis/HepG2_dual_rep_GALNAC_bcwithqc/fastq_symlinks/U_L3_1.fastq.gz \
            --output-fastq /scratch/link/Amplicon_barcode_analysis/HepG2_dual_rep_GALNAC_bcwithqc/QC_filtered/U_L3_1.fastq.gz \
            --min-qual "$QC_MIN_QUAL" \
            --qual-offset "$QC_QUAL_OFFSET" \
            --min-length "$QC_MIN_LENGTH" \
            --use-modules "$USE_MODULES" \
            --seqtk-module "$SEQTK_MODULE"
        else
          mkdir -p "$(dirname "/scratch/link/Amplicon_barcode_analysis/HepG2_dual_rep_GALNAC_bcwithqc/QC_filtered/U_L3_1.fastq.gz")"

          if [[ "/scratch/link/Amplicon_barcode_analysis/HepG2_dual_rep_GALNAC_bcwithqc/fastq_symlinks/U_L3_1.fastq.gz" == *.gz ]]; then
            ln -sf "/scratch/link/Amplicon_barcode_analysis/HepG2_dual_rep_GALNAC_bcwithqc/fastq_symlinks/U_L3_1.fastq.gz" "/scratch/link/Amplicon_barcode_analysis/HepG2_dual_rep_GALNAC_bcwithqc/QC_filtered/U_L3_1.fastq.gz"
          else
            gzip -c "/scratch/link/Amplicon_barcode_analysis/HepG2_dual_rep_GALNAC_bcwithqc/fastq_symlinks/U_L3_1.fastq.gz" > "/scratch/link/Amplicon_barcode_analysis/HepG2_dual_rep_GALNAC_bcwithqc/QC_filtered/U_L3_1.fastq.gz"
          fi
        fi
        
Job 70 has been submitted with SLURM jobid 57769892 (log: /home/link/Amplicon_barcode_analysis/Lukas_Pipeline/binned_PCR_amplicon_UMI_analysis/.snakemake/slurm_logs/rule_QC_filter_shell/U_L3_1/57769892.log).

[Mon Jun 29 18:19:24 2026]
rule QC_filter_shell:
    input: /scratch/link/Amplicon_barcode_analysis/HepG2_dual_rep_GALNAC_bcwithqc/fastq_symlinks/I_L3_2.fastq.gz, /scratch/link/Amplicon_barcode_analysis/HepG2_dual_rep_GALNAC_bcwithqc/.pipeline_state/QC_filtering_params.sh, /scratch/link/Amplicon_barcode_analysis/HepG2_dual_rep_GALNAC_bcwithqc/.pipeline_state/01_setup.done
    output: /scratch/link/Amplicon_barcode_analysis/HepG2_dual_rep_GALNAC_bcwithqc/QC_filtered/I_L3_2.fastq.gz
    jobid: 25
    reason: Missing output files: /scratch/link/Amplicon_barcode_analysis/HepG2_dual_rep_GALNAC_bcwithqc/QC_filtered/I_L3_2.fastq.gz; Input files updated by another job: /scratch/link/Amplicon_barcode_analysis/HepG2_dual_rep_GALNAC_bcwithqc/.pipeline_state/QC_filtering_params.sh
    wildcards: sample=I_L3_2
    resources: mem_mb=16000, mem_mib=15259, disk_mb=1000, disk_mib=954, tmpdir=<TBD>, runtime=60, slurm_account=lsteinme


        source /scratch/link/Amplicon_barcode_analysis/HepG2_dual_rep_GALNAC_bcwithqc/.pipeline_state/QC_filtering_params.sh

        if [[ "$QC_FILTERING_RUN" == "true" ]]; then
          bash shell/QC_filtering_snake.sh \
            --input-fastq /scratch/link/Amplicon_barcode_analysis/HepG2_dual_rep_GALNAC_bcwithqc/fastq_symlinks/I_L3_2.fastq.gz \
            --output-fastq /scratch/link/Amplicon_barcode_analysis/HepG2_dual_rep_GALNAC_bcwithqc/QC_filtered/I_L3_2.fastq.gz \
            --min-qual "$QC_MIN_QUAL" \
            --qual-offset "$QC_QUAL_OFFSET" \
            --min-length "$QC_MIN_LENGTH" \
            --use-modules "$USE_MODULES" \
            --seqtk-module "$SEQTK_MODULE"
        else
          mkdir -p "$(dirname "/scratch/link/Amplicon_barcode_analysis/HepG2_dual_rep_GALNAC_bcwithqc/QC_filtered/I_L3_2.fastq.gz")"

          if [[ "/scratch/link/Amplicon_barcode_analysis/HepG2_dual_rep_GALNAC_bcwithqc/fastq_symlinks/I_L3_2.fastq.gz" == *.gz ]]; then
            ln -sf "/scratch/link/Amplicon_barcode_analysis/HepG2_dual_rep_GALNAC_bcwithqc/fastq_symlinks/I_L3_2.fastq.gz" "/scratch/link/Amplicon_barcode_analysis/HepG2_dual_rep_GALNAC_bcwithqc/QC_filtered/I_L3_2.fastq.gz"
          else
            gzip -c "/scratch/link/Amplicon_barcode_analysis/HepG2_dual_rep_GALNAC_bcwithqc/fastq_symlinks/I_L3_2.fastq.gz" > "/scratch/link/Amplicon_barcode_analysis/HepG2_dual_rep_GALNAC_bcwithqc/QC_filtered/I_L3_2.fastq.gz"
          fi
        fi
        
Job 25 has been submitted with SLURM jobid 57769893 (log: /home/link/Amplicon_barcode_analysis/Lukas_Pipeline/binned_PCR_amplicon_UMI_analysis/.snakemake/slurm_logs/rule_QC_filter_shell/I_L3_2/57769893.log).

[Mon Jun 29 18:19:24 2026]
rule QC_filter_shell:
    input: /scratch/link/Amplicon_barcode_analysis/HepG2_dual_rep_GALNAC_bcwithqc/fastq_symlinks/L_L3_2.fastq.gz, /scratch/link/Amplicon_barcode_analysis/HepG2_dual_rep_GALNAC_bcwithqc/.pipeline_state/QC_filtering_params.sh, /scratch/link/Amplicon_barcode_analysis/HepG2_dual_rep_GALNAC_bcwithqc/.pipeline_state/01_setup.done
    output: /scratch/link/Amplicon_barcode_analysis/HepG2_dual_rep_GALNAC_bcwithqc/QC_filtered/L_L3_2.fastq.gz
    jobid: 49
    reason: Missing output files: /scratch/link/Amplicon_barcode_analysis/HepG2_dual_rep_GALNAC_bcwithqc/QC_filtered/L_L3_2.fastq.gz; Input files updated by another job: /scratch/link/Amplicon_barcode_analysis/HepG2_dual_rep_GALNAC_bcwithqc/.pipeline_state/QC_filtering_params.sh
    wildcards: sample=L_L3_2
    resources: mem_mb=16000, mem_mib=15259, disk_mb=1000, disk_mib=954, tmpdir=<TBD>, runtime=60, slurm_account=lsteinme


        source /scratch/link/Amplicon_barcode_analysis/HepG2_dual_rep_GALNAC_bcwithqc/.pipeline_state/QC_filtering_params.sh

        if [[ "$QC_FILTERING_RUN" == "true" ]]; then
          bash shell/QC_filtering_snake.sh \
            --input-fastq /scratch/link/Amplicon_barcode_analysis/HepG2_dual_rep_GALNAC_bcwithqc/fastq_symlinks/L_L3_2.fastq.gz \
            --output-fastq /scratch/link/Amplicon_barcode_analysis/HepG2_dual_rep_GALNAC_bcwithqc/QC_filtered/L_L3_2.fastq.gz \
            --min-qual "$QC_MIN_QUAL" \
            --qual-offset "$QC_QUAL_OFFSET" \
            --min-length "$QC_MIN_LENGTH" \
            --use-modules "$USE_MODULES" \
            --seqtk-module "$SEQTK_MODULE"
        else
          mkdir -p "$(dirname "/scratch/link/Amplicon_barcode_analysis/HepG2_dual_rep_GALNAC_bcwithqc/QC_filtered/L_L3_2.fastq.gz")"

          if [[ "/scratch/link/Amplicon_barcode_analysis/HepG2_dual_rep_GALNAC_bcwithqc/fastq_symlinks/L_L3_2.fastq.gz" == *.gz ]]; then
            ln -sf "/scratch/link/Amplicon_barcode_analysis/HepG2_dual_rep_GALNAC_bcwithqc/fastq_symlinks/L_L3_2.fastq.gz" "/scratch/link/Amplicon_barcode_analysis/HepG2_dual_rep_GALNAC_bcwithqc/QC_filtered/L_L3_2.fastq.gz"
          else
            gzip -c "/scratch/link/Amplicon_barcode_analysis/HepG2_dual_rep_GALNAC_bcwithqc/fastq_symlinks/L_L3_2.fastq.gz" > "/scratch/link/Amplicon_barcode_analysis/HepG2_dual_rep_GALNAC_bcwithqc/QC_filtered/L_L3_2.fastq.gz"
          fi
        fi
        
Job 49 has been submitted with SLURM jobid 57769894 (log: /home/link/Amplicon_barcode_analysis/Lukas_Pipeline/binned_PCR_amplicon_UMI_analysis/.snakemake/slurm_logs/rule_QC_filter_shell/L_L3_2/57769894.log).

[Mon Jun 29 18:19:24 2026]
rule QC_filter_shell:
    input: /scratch/link/Amplicon_barcode_analysis/HepG2_dual_rep_GALNAC_bcwithqc/fastq_symlinks/I_L4_1.fastq.gz, /scratch/link/Amplicon_barcode_analysis/HepG2_dual_rep_GALNAC_bcwithqc/.pipeline_state/QC_filtering_params.sh, /scratch/link/Amplicon_barcode_analysis/HepG2_dual_rep_GALNAC_bcwithqc/.pipeline_state/01_setup.done
    output: /scratch/link/Amplicon_barcode_analysis/HepG2_dual_rep_GALNAC_bcwithqc/QC_filtered/I_L4_1.fastq.gz
    jobid: 28
    reason: Missing output files: /scratch/link/Amplicon_barcode_analysis/HepG2_dual_rep_GALNAC_bcwithqc/QC_filtered/I_L4_1.fastq.gz; Input files updated by another job: /scratch/link/Amplicon_barcode_analysis/HepG2_dual_rep_GALNAC_bcwithqc/.pipeline_state/QC_filtering_params.sh
    wildcards: sample=I_L4_1
    resources: mem_mb=16000, mem_mib=15259, disk_mb=1336, disk_mib=1275, tmpdir=<TBD>, runtime=60, slurm_account=lsteinme


        source /scratch/link/Amplicon_barcode_analysis/HepG2_dual_rep_GALNAC_bcwithqc/.pipeline_state/QC_filtering_params.sh

        if [[ "$QC_FILTERING_RUN" == "true" ]]; then
          bash shell/QC_filtering_snake.sh \
            --input-fastq /scratch/link/Amplicon_barcode_analysis/HepG2_dual_rep_GALNAC_bcwithqc/fastq_symlinks/I_L4_1.fastq.gz \
            --output-fastq /scratch/link/Amplicon_barcode_analysis/HepG2_dual_rep_GALNAC_bcwithqc/QC_filtered/I_L4_1.fastq.gz \
            --min-qual "$QC_MIN_QUAL" \
            --qual-offset "$QC_QUAL_OFFSET" \
            --min-length "$QC_MIN_LENGTH" \
            --use-modules "$USE_MODULES" \
            --seqtk-module "$SEQTK_MODULE"
        else
          mkdir -p "$(dirname "/scratch/link/Amplicon_barcode_analysis/HepG2_dual_rep_GALNAC_bcwithqc/QC_filtered/I_L4_1.fastq.gz")"

          if [[ "/scratch/link/Amplicon_barcode_analysis/HepG2_dual_rep_GALNAC_bcwithqc/fastq_symlinks/I_L4_1.fastq.gz" == *.gz ]]; then
            ln -sf "/scratch/link/Amplicon_barcode_analysis/HepG2_dual_rep_GALNAC_bcwithqc/fastq_symlinks/I_L4_1.fastq.gz" "/scratch/link/Amplicon_barcode_analysis/HepG2_dual_rep_GALNAC_bcwithqc/QC_filtered/I_L4_1.fastq.gz"
          else
            gzip -c "/scratch/link/Amplicon_barcode_analysis/HepG2_dual_rep_GALNAC_bcwithqc/fastq_symlinks/I_L4_1.fastq.gz" > "/scratch/link/Amplicon_barcode_analysis/HepG2_dual_rep_GALNAC_bcwithqc/QC_filtered/I_L4_1.fastq.gz"
          fi
        fi
        
Job 28 has been submitted with SLURM jobid 57769895 (log: /home/link/Amplicon_barcode_analysis/Lukas_Pipeline/binned_PCR_amplicon_UMI_analysis/.snakemake/slurm_logs/rule_QC_filter_shell/I_L4_1/57769895.log).

[Mon Jun 29 18:19:24 2026]
rule QC_filter_shell:
    input: /scratch/link/Amplicon_barcode_analysis/HepG2_dual_rep_GALNAC_bcwithqc/fastq_symlinks/U_L3_2.fastq.gz, /scratch/link/Amplicon_barcode_analysis/HepG2_dual_rep_GALNAC_bcwithqc/.pipeline_state/QC_filtering_params.sh, /scratch/link/Amplicon_barcode_analysis/HepG2_dual_rep_GALNAC_bcwithqc/.pipeline_state/01_setup.done
    output: /scratch/link/Amplicon_barcode_analysis/HepG2_dual_rep_GALNAC_bcwithqc/QC_filtered/U_L3_2.fastq.gz
    jobid: 73
    reason: Missing output files: /scratch/link/Amplicon_barcode_analysis/HepG2_dual_rep_GALNAC_bcwithqc/QC_filtered/U_L3_2.fastq.gz; Input files updated by another job: /scratch/link/Amplicon_barcode_analysis/HepG2_dual_rep_GALNAC_bcwithqc/.pipeline_state/QC_filtering_params.sh
    wildcards: sample=U_L3_2
    resources: mem_mb=16000, mem_mib=15259, disk_mb=1000, disk_mib=954, tmpdir=<TBD>, runtime=60, slurm_account=lsteinme


        source /scratch/link/Amplicon_barcode_analysis/HepG2_dual_rep_GALNAC_bcwithqc/.pipeline_state/QC_filtering_params.sh

        if [[ "$QC_FILTERING_RUN" == "true" ]]; then
          bash shell/QC_filtering_snake.sh \
            --input-fastq /scratch/link/Amplicon_barcode_analysis/HepG2_dual_rep_GALNAC_bcwithqc/fastq_symlinks/U_L3_2.fastq.gz \
            --output-fastq /scratch/link/Amplicon_barcode_analysis/HepG2_dual_rep_GALNAC_bcwithqc/QC_filtered/U_L3_2.fastq.gz \
            --min-qual "$QC_MIN_QUAL" \
            --qual-offset "$QC_QUAL_OFFSET" \
            --min-length "$QC_MIN_LENGTH" \
            --use-modules "$USE_MODULES" \
            --seqtk-module "$SEQTK_MODULE"
        else
          mkdir -p "$(dirname "/scratch/link/Amplicon_barcode_analysis/HepG2_dual_rep_GALNAC_bcwithqc/QC_filtered/U_L3_2.fastq.gz")"

          if [[ "/scratch/link/Amplicon_barcode_analysis/HepG2_dual_rep_GALNAC_bcwithqc/fastq_symlinks/U_L3_2.fastq.gz" == *.gz ]]; then
            ln -sf "/scratch/link/Amplicon_barcode_analysis/HepG2_dual_rep_GALNAC_bcwithqc/fastq_symlinks/U_L3_2.fastq.gz" "/scratch/link/Amplicon_barcode_analysis/HepG2_dual_rep_GALNAC_bcwithqc/QC_filtered/U_L3_2.fastq.gz"
          else
            gzip -c "/scratch/link/Amplicon_barcode_analysis/HepG2_dual_rep_GALNAC_bcwithqc/fastq_symlinks/U_L3_2.fastq.gz" > "/scratch/link/Amplicon_barcode_analysis/HepG2_dual_rep_GALNAC_bcwithqc/QC_filtered/U_L3_2.fastq.gz"
          fi
        fi
        
Job 73 has been submitted with SLURM jobid 57769896 (log: /home/link/Amplicon_barcode_analysis/Lukas_Pipeline/binned_PCR_amplicon_UMI_analysis/.snakemake/slurm_logs/rule_QC_filter_shell/U_L3_2/57769896.log).

[Mon Jun 29 18:19:24 2026]
rule QC_filter_shell:
    input: /scratch/link/Amplicon_barcode_analysis/HepG2_dual_rep_GALNAC_bcwithqc/fastq_symlinks/L_L4_1.fastq.gz, /scratch/link/Amplicon_barcode_analysis/HepG2_dual_rep_GALNAC_bcwithqc/.pipeline_state/QC_filtering_params.sh, /scratch/link/Amplicon_barcode_analysis/HepG2_dual_rep_GALNAC_bcwithqc/.pipeline_state/01_setup.done
    output: /scratch/link/Amplicon_barcode_analysis/HepG2_dual_rep_GALNAC_bcwithqc/QC_filtered/L_L4_1.fastq.gz
    jobid: 52
    reason: Missing output files: /scratch/link/Amplicon_barcode_analysis/HepG2_dual_rep_GALNAC_bcwithqc/QC_filtered/L_L4_1.fastq.gz; Input files updated by another job: /scratch/link/Amplicon_barcode_analysis/HepG2_dual_rep_GALNAC_bcwithqc/.pipeline_state/QC_filtering_params.sh
    wildcards: sample=L_L4_1
    resources: mem_mb=16000, mem_mib=15259, disk_mb=1328, disk_mib=1267, tmpdir=<TBD>, runtime=60, slurm_account=lsteinme


        source /scratch/link/Amplicon_barcode_analysis/HepG2_dual_rep_GALNAC_bcwithqc/.pipeline_state/QC_filtering_params.sh

        if [[ "$QC_FILTERING_RUN" == "true" ]]; then
          bash shell/QC_filtering_snake.sh \
            --input-fastq /scratch/link/Amplicon_barcode_analysis/HepG2_dual_rep_GALNAC_bcwithqc/fastq_symlinks/L_L4_1.fastq.gz \
            --output-fastq /scratch/link/Amplicon_barcode_analysis/HepG2_dual_rep_GALNAC_bcwithqc/QC_filtered/L_L4_1.fastq.gz \
            --min-qual "$QC_MIN_QUAL" \
            --qual-offset "$QC_QUAL_OFFSET" \
            --min-length "$QC_MIN_LENGTH" \
            --use-modules "$USE_MODULES" \
            --seqtk-module "$SEQTK_MODULE"
        else
          mkdir -p "$(dirname "/scratch/link/Amplicon_barcode_analysis/HepG2_dual_rep_GALNAC_bcwithqc/QC_filtered/L_L4_1.fastq.gz")"

          if [[ "/scratch/link/Amplicon_barcode_analysis/HepG2_dual_rep_GALNAC_bcwithqc/fastq_symlinks/L_L4_1.fastq.gz" == *.gz ]]; then
            ln -sf "/scratch/link/Amplicon_barcode_analysis/HepG2_dual_rep_GALNAC_bcwithqc/fastq_symlinks/L_L4_1.fastq.gz" "/scratch/link/Amplicon_barcode_analysis/HepG2_dual_rep_GALNAC_bcwithqc/QC_filtered/L_L4_1.fastq.gz"
          else
            gzip -c "/scratch/link/Amplicon_barcode_analysis/HepG2_dual_rep_GALNAC_bcwithqc/fastq_symlinks/L_L4_1.fastq.gz" > "/scratch/link/Amplicon_barcode_analysis/HepG2_dual_rep_GALNAC_bcwithqc/QC_filtered/L_L4_1.fastq.gz"
          fi
        fi
        
Job 52 has been submitted with SLURM jobid 57769897 (log: /home/link/Amplicon_barcode_analysis/Lukas_Pipeline/binned_PCR_amplicon_UMI_analysis/.snakemake/slurm_logs/rule_QC_filter_shell/L_L4_1/57769897.log).

[Mon Jun 29 18:19:25 2026]
rule QC_filter_shell:
    input: /scratch/link/Amplicon_barcode_analysis/HepG2_dual_rep_GALNAC_bcwithqc/fastq_symlinks/I_L4_2.fastq.gz, /scratch/link/Amplicon_barcode_analysis/HepG2_dual_rep_GALNAC_bcwithqc/.pipeline_state/QC_filtering_params.sh, /scratch/link/Amplicon_barcode_analysis/HepG2_dual_rep_GALNAC_bcwithqc/.pipeline_state/01_setup.done
    output: /scratch/link/Amplicon_barcode_analysis/HepG2_dual_rep_GALNAC_bcwithqc/QC_filtered/I_L4_2.fastq.gz
    jobid: 31
    reason: Missing output files: /scratch/link/Amplicon_barcode_analysis/HepG2_dual_rep_GALNAC_bcwithqc/QC_filtered/I_L4_2.fastq.gz; Input files updated by another job: /scratch/link/Amplicon_barcode_analysis/HepG2_dual_rep_GALNAC_bcwithqc/.pipeline_state/QC_filtering_params.sh
    wildcards: sample=I_L4_2
    resources: mem_mb=16000, mem_mib=15259, disk_mb=1263, disk_mib=1205, tmpdir=<TBD>, runtime=60, slurm_account=lsteinme


        source /scratch/link/Amplicon_barcode_analysis/HepG2_dual_rep_GALNAC_bcwithqc/.pipeline_state/QC_filtering_params.sh

        if [[ "$QC_FILTERING_RUN" == "true" ]]; then
          bash shell/QC_filtering_snake.sh \
            --input-fastq /scratch/link/Amplicon_barcode_analysis/HepG2_dual_rep_GALNAC_bcwithqc/fastq_symlinks/I_L4_2.fastq.gz \
            --output-fastq /scratch/link/Amplicon_barcode_analysis/HepG2_dual_rep_GALNAC_bcwithqc/QC_filtered/I_L4_2.fastq.gz \
            --min-qual "$QC_MIN_QUAL" \
            --qual-offset "$QC_QUAL_OFFSET" \
            --min-length "$QC_MIN_LENGTH" \
            --use-modules "$USE_MODULES" \
            --seqtk-module "$SEQTK_MODULE"
        else
          mkdir -p "$(dirname "/scratch/link/Amplicon_barcode_analysis/HepG2_dual_rep_GALNAC_bcwithqc/QC_filtered/I_L4_2.fastq.gz")"

          if [[ "/scratch/link/Amplicon_barcode_analysis/HepG2_dual_rep_GALNAC_bcwithqc/fastq_symlinks/I_L4_2.fastq.gz" == *.gz ]]; then
            ln -sf "/scratch/link/Amplicon_barcode_analysis/HepG2_dual_rep_GALNAC_bcwithqc/fastq_symlinks/I_L4_2.fastq.gz" "/scratch/link/Amplicon_barcode_analysis/HepG2_dual_rep_GALNAC_bcwithqc/QC_filtered/I_L4_2.fastq.gz"
          else
            gzip -c "/scratch/link/Amplicon_barcode_analysis/HepG2_dual_rep_GALNAC_bcwithqc/fastq_symlinks/I_L4_2.fastq.gz" > "/scratch/link/Amplicon_barcode_analysis/HepG2_dual_rep_GALNAC_bcwithqc/QC_filtered/I_L4_2.fastq.gz"
          fi
        fi
        
Job 31 has been submitted with SLURM jobid 57769898 (log: /home/link/Amplicon_barcode_analysis/Lukas_Pipeline/binned_PCR_amplicon_UMI_analysis/.snakemake/slurm_logs/rule_QC_filter_shell/I_L4_2/57769898.log).
[Mon Jun 29 18:19:32 2026]
Finished job 55.
3 of 77 steps (4%) done
[Mon Jun 29 18:19:33 2026]
Finished job 25.
4 of 77 steps (5%) done
[Mon Jun 29 18:19:33 2026]
Finished job 49.
5 of 77 steps (6%) done
[Mon Jun 29 18:19:33 2026]
Finished job 28.
6 of 77 steps (8%) done
[Mon Jun 29 18:19:33 2026]
Finished job 73.
7 of 77 steps (9%) done
Select jobs to execute...
Execute 5 jobs...

[Mon Jun 29 18:19:33 2026]
rule prepare_bcwithqc_input:
    input: /scratch/link/Amplicon_barcode_analysis/HepG2_dual_rep_GALNAC_bcwithqc/QC_filtered/I_L3_2.fastq.gz
    output: /scratch/link/Amplicon_barcode_analysis/HepG2_dual_rep_GALNAC_bcwithqc/bcwithqc_symlinks/I_L3_2/I_L3_2.fastq.gz
    jobid: 24
    reason: Missing output files: /scratch/link/Amplicon_barcode_analysis/HepG2_dual_rep_GALNAC_bcwithqc/bcwithqc_symlinks/I_L3_2/I_L3_2.fastq.gz; Input files updated by another job: /scratch/link/Amplicon_barcode_analysis/HepG2_dual_rep_GALNAC_bcwithqc/QC_filtered/I_L3_2.fastq.gz
    wildcards: sample=I_L3_2
    resources: mem_mb=4000, mem_mib=3815, disk_mb=1000, disk_mib=954, tmpdir=<TBD>, runtime=10, slurm_account=lsteinme


        mkdir -p "$(dirname /scratch/link/Amplicon_barcode_analysis/HepG2_dual_rep_GALNAC_bcwithqc/bcwithqc_symlinks/I_L3_2/I_L3_2.fastq.gz)"
        ln -sf "$(realpath "/scratch/link/Amplicon_barcode_analysis/HepG2_dual_rep_GALNAC_bcwithqc/QC_filtered/I_L3_2.fastq.gz")" "/scratch/link/Amplicon_barcode_analysis/HepG2_dual_rep_GALNAC_bcwithqc/bcwithqc_symlinks/I_L3_2/I_L3_2.fastq.gz"
        
Job 24 has been submitted with SLURM jobid 57769901 (log: /home/link/Amplicon_barcode_analysis/Lukas_Pipeline/binned_PCR_amplicon_UMI_analysis/.snakemake/slurm_logs/rule_prepare_bcwithqc_input/I_L3_2/57769901.log).

[Mon Jun 29 18:19:33 2026]
rule prepare_bcwithqc_input:
    input: /scratch/link/Amplicon_barcode_analysis/HepG2_dual_rep_GALNAC_bcwithqc/QC_filtered/L_L3_2.fastq.gz
    output: /scratch/link/Amplicon_barcode_analysis/HepG2_dual_rep_GALNAC_bcwithqc/bcwithqc_symlinks/L_L3_2/L_L3_2.fastq.gz
    jobid: 48
    reason: Missing output files: /scratch/link/Amplicon_barcode_analysis/HepG2_dual_rep_GALNAC_bcwithqc/bcwithqc_symlinks/L_L3_2/L_L3_2.fastq.gz; Input files updated by another job: /scratch/link/Amplicon_barcode_analysis/HepG2_dual_rep_GALNAC_bcwithqc/QC_filtered/L_L3_2.fastq.gz
    wildcards: sample=L_L3_2
    resources: mem_mb=4000, mem_mib=3815, disk_mb=1000, disk_mib=954, tmpdir=<TBD>, runtime=10, slurm_account=lsteinme


        mkdir -p "$(dirname /scratch/link/Amplicon_barcode_analysis/HepG2_dual_rep_GALNAC_bcwithqc/bcwithqc_symlinks/L_L3_2/L_L3_2.fastq.gz)"
        ln -sf "$(realpath "/scratch/link/Amplicon_barcode_analysis/HepG2_dual_rep_GALNAC_bcwithqc/QC_filtered/L_L3_2.fastq.gz")" "/scratch/link/Amplicon_barcode_analysis/HepG2_dual_rep_GALNAC_bcwithqc/bcwithqc_symlinks/L_L3_2/L_L3_2.fastq.gz"
        
Job 48 has been submitted with SLURM jobid 57769902 (log: /home/link/Amplicon_barcode_analysis/Lukas_Pipeline/binned_PCR_amplicon_UMI_analysis/.snakemake/slurm_logs/rule_prepare_bcwithqc_input/L_L3_2/57769902.log).

[Mon Jun 29 18:19:33 2026]
rule QC_filter_shell:
    input: /scratch/link/Amplicon_barcode_analysis/HepG2_dual_rep_GALNAC_bcwithqc/fastq_symlinks/U_L4_2.fastq.gz, /scratch/link/Amplicon_barcode_analysis/HepG2_dual_rep_GALNAC_bcwithqc/.pipeline_state/QC_filtering_params.sh, /scratch/link/Amplicon_barcode_analysis/HepG2_dual_rep_GALNAC_bcwithqc/.pipeline_state/01_setup.done
    output: /scratch/link/Amplicon_barcode_analysis/HepG2_dual_rep_GALNAC_bcwithqc/QC_filtered/U_L4_2.fastq.gz
    jobid: 79
    reason: Missing output files: /scratch/link/Amplicon_barcode_analysis/HepG2_dual_rep_GALNAC_bcwithqc/QC_filtered/U_L4_2.fastq.gz; Input files updated by another job: /scratch/link/Amplicon_barcode_analysis/HepG2_dual_rep_GALNAC_bcwithqc/.pipeline_state/QC_filtering_params.sh
    wildcards: sample=U_L4_2
    resources: mem_mb=16000, mem_mib=15259, disk_mb=1000, disk_mib=954, tmpdir=<TBD>, runtime=60, slurm_account=lsteinme


        source /scratch/link/Amplicon_barcode_analysis/HepG2_dual_rep_GALNAC_bcwithqc/.pipeline_state/QC_filtering_params.sh

        if [[ "$QC_FILTERING_RUN" == "true" ]]; then
          bash shell/QC_filtering_snake.sh \
            --input-fastq /scratch/link/Amplicon_barcode_analysis/HepG2_dual_rep_GALNAC_bcwithqc/fastq_symlinks/U_L4_2.fastq.gz \
            --output-fastq /scratch/link/Amplicon_barcode_analysis/HepG2_dual_rep_GALNAC_bcwithqc/QC_filtered/U_L4_2.fastq.gz \
            --min-qual "$QC_MIN_QUAL" \
            --qual-offset "$QC_QUAL_OFFSET" \
            --min-length "$QC_MIN_LENGTH" \
            --use-modules "$USE_MODULES" \
            --seqtk-module "$SEQTK_MODULE"
        else
          mkdir -p "$(dirname "/scratch/link/Amplicon_barcode_analysis/HepG2_dual_rep_GALNAC_bcwithqc/QC_filtered/U_L4_2.fastq.gz")"

          if [[ "/scratch/link/Amplicon_barcode_analysis/HepG2_dual_rep_GALNAC_bcwithqc/fastq_symlinks/U_L4_2.fastq.gz" == *.gz ]]; then
            ln -sf "/scratch/link/Amplicon_barcode_analysis/HepG2_dual_rep_GALNAC_bcwithqc/fastq_symlinks/U_L4_2.fastq.gz" "/scratch/link/Amplicon_barcode_analysis/HepG2_dual_rep_GALNAC_bcwithqc/QC_filtered/U_L4_2.fastq.gz"
          else
            gzip -c "/scratch/link/Amplicon_barcode_analysis/HepG2_dual_rep_GALNAC_bcwithqc/fastq_symlinks/U_L4_2.fastq.gz" > "/scratch/link/Amplicon_barcode_analysis/HepG2_dual_rep_GALNAC_bcwithqc/QC_filtered/U_L4_2.fastq.gz"
          fi
        fi
        
Job 79 has been submitted with SLURM jobid 57769903 (log: /home/link/Amplicon_barcode_analysis/Lukas_Pipeline/binned_PCR_amplicon_UMI_analysis/.snakemake/slurm_logs/rule_QC_filter_shell/U_L4_2/57769903.log).

[Mon Jun 29 18:19:33 2026]
rule prepare_bcwithqc_input:
    input: /scratch/link/Amplicon_barcode_analysis/HepG2_dual_rep_GALNAC_bcwithqc/QC_filtered/L_L4_2.fastq.gz
    output: /scratch/link/Amplicon_barcode_analysis/HepG2_dual_rep_GALNAC_bcwithqc/bcwithqc_symlinks/L_L4_2/L_L4_2.fastq.gz
    jobid: 54
    reason: Missing output files: /scratch/link/Amplicon_barcode_analysis/HepG2_dual_rep_GALNAC_bcwithqc/bcwithqc_symlinks/L_L4_2/L_L4_2.fastq.gz; Input files updated by another job: /scratch/link/Amplicon_barcode_analysis/HepG2_dual_rep_GALNAC_bcwithqc/QC_filtered/L_L4_2.fastq.gz
    wildcards: sample=L_L4_2
    resources: mem_mb=4000, mem_mib=3815, disk_mb=1437, disk_mib=1371, tmpdir=<TBD>, runtime=10, slurm_account=lsteinme


        mkdir -p "$(dirname /scratch/link/Amplicon_barcode_analysis/HepG2_dual_rep_GALNAC_bcwithqc/bcwithqc_symlinks/L_L4_2/L_L4_2.fastq.gz)"
        ln -sf "$(realpath "/scratch/link/Amplicon_barcode_analysis/HepG2_dual_rep_GALNAC_bcwithqc/QC_filtered/L_L4_2.fastq.gz")" "/scratch/link/Amplicon_barcode_analysis/HepG2_dual_rep_GALNAC_bcwithqc/bcwithqc_symlinks/L_L4_2/L_L4_2.fastq.gz"
        
Job 54 has been submitted with SLURM jobid 57769904 (log: /home/link/Amplicon_barcode_analysis/Lukas_Pipeline/binned_PCR_amplicon_UMI_analysis/.snakemake/slurm_logs/rule_prepare_bcwithqc_input/L_L4_2/57769904.log).

[Mon Jun 29 18:19:33 2026]
rule prepare_bcwithqc_input:
    input: /scratch/link/Amplicon_barcode_analysis/HepG2_dual_rep_GALNAC_bcwithqc/QC_filtered/I_L4_1.fastq.gz
    output: /scratch/link/Amplicon_barcode_analysis/HepG2_dual_rep_GALNAC_bcwithqc/bcwithqc_symlinks/I_L4_1/I_L4_1.fastq.gz
    jobid: 27
    reason: Missing output files: /scratch/link/Amplicon_barcode_analysis/HepG2_dual_rep_GALNAC_bcwithqc/bcwithqc_symlinks/I_L4_1/I_L4_1.fastq.gz; Input files updated by another job: /scratch/link/Amplicon_barcode_analysis/HepG2_dual_rep_GALNAC_bcwithqc/QC_filtered/I_L4_1.fastq.gz
    wildcards: sample=I_L4_1
    resources: mem_mb=4000, mem_mib=3815, disk_mb=1336, disk_mib=1275, tmpdir=<TBD>, runtime=10, slurm_account=lsteinme


        mkdir -p "$(dirname /scratch/link/Amplicon_barcode_analysis/HepG2_dual_rep_GALNAC_bcwithqc/bcwithqc_symlinks/I_L4_1/I_L4_1.fastq.gz)"
        ln -sf "$(realpath "/scratch/link/Amplicon_barcode_analysis/HepG2_dual_rep_GALNAC_bcwithqc/QC_filtered/I_L4_1.fastq.gz")" "/scratch/link/Amplicon_barcode_analysis/HepG2_dual_rep_GALNAC_bcwithqc/bcwithqc_symlinks/I_L4_1/I_L4_1.fastq.gz"
        
Job 27 has been submitted with SLURM jobid 57769905 (log: /home/link/Amplicon_barcode_analysis/Lukas_Pipeline/binned_PCR_amplicon_UMI_analysis/.snakemake/slurm_logs/rule_prepare_bcwithqc_input/I_L4_1/57769905.log).
Select jobs to execute...
[Mon Jun 29 18:19:43 2026]
Finished job 52.
8 of 77 steps (10%) done
[Mon Jun 29 18:19:43 2026]
Finished job 31.
9 of 77 steps (12%) done
[Mon Jun 29 18:19:43 2026]
Finished job 79.
10 of 77 steps (13%) done
[Mon Jun 29 18:19:43 2026]
Finished job 54.
11 of 77 steps (14%) done
[Mon Jun 29 18:19:43 2026]
Finished job 27.
12 of 77 steps (16%) done
Execute 5 jobs...

[Mon Jun 29 18:19:43 2026]
rule prepare_bcwithqc_input:
    input: /scratch/link/Amplicon_barcode_analysis/HepG2_dual_rep_GALNAC_bcwithqc/QC_filtered/I_L4_2.fastq.gz
    output: /scratch/link/Amplicon_barcode_analysis/HepG2_dual_rep_GALNAC_bcwithqc/bcwithqc_symlinks/I_L4_2/I_L4_2.fastq.gz
    jobid: 30
    reason: Missing output files: /scratch/link/Amplicon_barcode_analysis/HepG2_dual_rep_GALNAC_bcwithqc/bcwithqc_symlinks/I_L4_2/I_L4_2.fastq.gz; Input files updated by another job: /scratch/link/Amplicon_barcode_analysis/HepG2_dual_rep_GALNAC_bcwithqc/QC_filtered/I_L4_2.fastq.gz
    wildcards: sample=I_L4_2
    resources: mem_mb=4000, mem_mib=3815, disk_mb=1263, disk_mib=1205, tmpdir=<TBD>, runtime=10, slurm_account=lsteinme


        mkdir -p "$(dirname /scratch/link/Amplicon_barcode_analysis/HepG2_dual_rep_GALNAC_bcwithqc/bcwithqc_symlinks/I_L4_2/I_L4_2.fastq.gz)"
        ln -sf "$(realpath "/scratch/link/Amplicon_barcode_analysis/HepG2_dual_rep_GALNAC_bcwithqc/QC_filtered/I_L4_2.fastq.gz")" "/scratch/link/Amplicon_barcode_analysis/HepG2_dual_rep_GALNAC_bcwithqc/bcwithqc_symlinks/I_L4_2/I_L4_2.fastq.gz"
        
Job 30 has been submitted with SLURM jobid 57769910 (log: /home/link/Amplicon_barcode_analysis/Lukas_Pipeline/binned_PCR_amplicon_UMI_analysis/.snakemake/slurm_logs/rule_prepare_bcwithqc_input/I_L4_2/57769910.log).

[Mon Jun 29 18:19:43 2026]
rule prepare_bcwithqc_input:
    input: /scratch/link/Amplicon_barcode_analysis/HepG2_dual_rep_GALNAC_bcwithqc/QC_filtered/U_L3_2.fastq.gz
    output: /scratch/link/Amplicon_barcode_analysis/HepG2_dual_rep_GALNAC_bcwithqc/bcwithqc_symlinks/U_L3_2/U_L3_2.fastq.gz
    jobid: 72
    reason: Missing output files: /scratch/link/Amplicon_barcode_analysis/HepG2_dual_rep_GALNAC_bcwithqc/bcwithqc_symlinks/U_L3_2/U_L3_2.fastq.gz; Input files updated by another job: /scratch/link/Amplicon_barcode_analysis/HepG2_dual_rep_GALNAC_bcwithqc/QC_filtered/U_L3_2.fastq.gz
    wildcards: sample=U_L3_2
    resources: mem_mb=4000, mem_mib=3815, disk_mb=1000, disk_mib=954, tmpdir=<TBD>, runtime=10, slurm_account=lsteinme


        mkdir -p "$(dirname /scratch/link/Amplicon_barcode_analysis/HepG2_dual_rep_GALNAC_bcwithqc/bcwithqc_symlinks/U_L3_2/U_L3_2.fastq.gz)"
        ln -sf "$(realpath "/scratch/link/Amplicon_barcode_analysis/HepG2_dual_rep_GALNAC_bcwithqc/QC_filtered/U_L3_2.fastq.gz")" "/scratch/link/Amplicon_barcode_analysis/HepG2_dual_rep_GALNAC_bcwithqc/bcwithqc_symlinks/U_L3_2/U_L3_2.fastq.gz"
        
Job 72 has been submitted with SLURM jobid 57769911 (log: /home/link/Amplicon_barcode_analysis/Lukas_Pipeline/binned_PCR_amplicon_UMI_analysis/.snakemake/slurm_logs/rule_prepare_bcwithqc_input/U_L3_2/57769911.log).

[Mon Jun 29 18:19:43 2026]
rule bcwithqc_one_sample:
    input: /scratch/link/Amplicon_barcode_analysis/HepG2_dual_rep_GALNAC_bcwithqc/bcwithqc_symlinks/L_L4_2/L_L4_2.fastq.gz
    output: /scratch/link/Amplicon_barcode_analysis/HepG2_dual_rep_GALNAC_bcwithqc/.pipeline_state/bcwithqc_done/L_L4_2.done
    jobid: 53
    reason: Missing output files: /scratch/link/Amplicon_barcode_analysis/HepG2_dual_rep_GALNAC_bcwithqc/.pipeline_state/bcwithqc_done/L_L4_2.done; Input files updated by another job: /scratch/link/Amplicon_barcode_analysis/HepG2_dual_rep_GALNAC_bcwithqc/bcwithqc_symlinks/L_L4_2/L_L4_2.fastq.gz
    wildcards: sample=L_L4_2
    threads: 2
    resources: mem_mb=40000, mem_mib=38147, disk_mb=1437, disk_mib=1371, tmpdir=<TBD>, runtime=2400, slurm_account=lsteinme


        unset PYTHONPATH
        unset PYTHONHOME
        export PYTHONNOUSERSITE=1

        rm -rf "/scratch/link/Amplicon_barcode_analysis/HepG2_dual_rep_GALNAC_bcwithqc/bcwithqc_output/L_L4_2"
        mkdir -p "/scratch/link/Amplicon_barcode_analysis/HepG2_dual_rep_GALNAC_bcwithqc/bcwithqc_output/L_L4_2"

        "/home/link/.conda/envs/py313/bin/bcwithqc" preprocess \
          "/scratch/link/Amplicon_barcode_analysis/HepG2_dual_rep_GALNAC_bcwithqc/bcwithqc_symlinks/L_L4_2" \
          --config="/g/steinmetz/link/Amplicon_barcode_analysis/library/bcwithqc_config_whole_genome_sublibs_1_to_4.json" \
          --output-dir="/scratch/link/Amplicon_barcode_analysis/HepG2_dual_rep_GALNAC_bcwithqc/bcwithqc_output/L_L4_2" \
          --threads="2" \
          --output-format-bam \
          -vv

        "/home/link/.conda/envs/py313/bin/bcwithqc" count \
          "/scratch/link/Amplicon_barcode_analysis/HepG2_dual_rep_GALNAC_bcwithqc/bcwithqc_output/L_L4_2" \
          --STAR-output-dir="/scratch/link/Amplicon_barcode_analysis/HepG2_dual_rep_GALNAC_bcwithqc/bcwithqc_output/L_L4_2" \
          --config="/g/steinmetz/link/Amplicon_barcode_analysis/library/bcwithqc_config_whole_genome_sublibs_1_to_4.json" \
          --output-dir="/scratch/link/Amplicon_barcode_analysis/HepG2_dual_rep_GALNAC_bcwithqc/bcwithqc_output/L_L4_2" \
          --threads="2" \
          -vv
          
        mkdir -p "$(dirname "/scratch/link/Amplicon_barcode_analysis/HepG2_dual_rep_GALNAC_bcwithqc/.pipeline_state/bcwithqc_done/L_L4_2.done")"
        touch "/scratch/link/Amplicon_barcode_analysis/HepG2_dual_rep_GALNAC_bcwithqc/.pipeline_state/bcwithqc_done/L_L4_2.done"
        
Job 53 has been submitted with SLURM jobid 57769913 (log: /home/link/Amplicon_barcode_analysis/Lukas_Pipeline/binned_PCR_amplicon_UMI_analysis/.snakemake/slurm_logs/rule_bcwithqc_one_sample/L_L4_2/57769913.log).

[Mon Jun 29 18:19:49 2026]
rule prepare_bcwithqc_input:
    input: /scratch/link/Amplicon_barcode_analysis/HepG2_dual_rep_GALNAC_bcwithqc/QC_filtered/U_L4_2.fastq.gz
    output: /scratch/link/Amplicon_barcode_analysis/HepG2_dual_rep_GALNAC_bcwithqc/bcwithqc_symlinks/U_L4_2/U_L4_2.fastq.gz
    jobid: 78
    reason: Missing output files: /scratch/link/Amplicon_barcode_analysis/HepG2_dual_rep_GALNAC_bcwithqc/bcwithqc_symlinks/U_L4_2/U_L4_2.fastq.gz; Input files updated by another job: /scratch/link/Amplicon_barcode_analysis/HepG2_dual_rep_GALNAC_bcwithqc/QC_filtered/U_L4_2.fastq.gz
    wildcards: sample=U_L4_2
    resources: mem_mb=4000, mem_mib=3815, disk_mb=1000, disk_mib=954, tmpdir=<TBD>, runtime=10, slurm_account=lsteinme


        mkdir -p "$(dirname /scratch/link/Amplicon_barcode_analysis/HepG2_dual_rep_GALNAC_bcwithqc/bcwithqc_symlinks/U_L4_2/U_L4_2.fastq.gz)"
        ln -sf "$(realpath "/scratch/link/Amplicon_barcode_analysis/HepG2_dual_rep_GALNAC_bcwithqc/QC_filtered/U_L4_2.fastq.gz")" "/scratch/link/Amplicon_barcode_analysis/HepG2_dual_rep_GALNAC_bcwithqc/bcwithqc_symlinks/U_L4_2/U_L4_2.fastq.gz"
        
Job 78 has been submitted with SLURM jobid 57769914 (log: /home/link/Amplicon_barcode_analysis/Lukas_Pipeline/binned_PCR_amplicon_UMI_analysis/.snakemake/slurm_logs/rule_prepare_bcwithqc_input/U_L4_2/57769914.log).

[Mon Jun 29 18:19:49 2026]
rule bcwithqc_one_sample:
    input: /scratch/link/Amplicon_barcode_analysis/HepG2_dual_rep_GALNAC_bcwithqc/bcwithqc_symlinks/I_L4_1/I_L4_1.fastq.gz
    output: /scratch/link/Amplicon_barcode_analysis/HepG2_dual_rep_GALNAC_bcwithqc/.pipeline_state/bcwithqc_done/I_L4_1.done
    jobid: 26
    reason: Missing output files: /scratch/link/Amplicon_barcode_analysis/HepG2_dual_rep_GALNAC_bcwithqc/.pipeline_state/bcwithqc_done/I_L4_1.done; Input files updated by another job: /scratch/link/Amplicon_barcode_analysis/HepG2_dual_rep_GALNAC_bcwithqc/bcwithqc_symlinks/I_L4_1/I_L4_1.fastq.gz
    wildcards: sample=I_L4_1
    threads: 2
    resources: mem_mb=40000, mem_mib=38147, disk_mb=1336, disk_mib=1275, tmpdir=<TBD>, runtime=2400, slurm_account=lsteinme


        unset PYTHONPATH
        unset PYTHONHOME
        export PYTHONNOUSERSITE=1

        rm -rf "/scratch/link/Amplicon_barcode_analysis/HepG2_dual_rep_GALNAC_bcwithqc/bcwithqc_output/I_L4_1"
        mkdir -p "/scratch/link/Amplicon_barcode_analysis/HepG2_dual_rep_GALNAC_bcwithqc/bcwithqc_output/I_L4_1"

        "/home/link/.conda/envs/py313/bin/bcwithqc" preprocess \
          "/scratch/link/Amplicon_barcode_analysis/HepG2_dual_rep_GALNAC_bcwithqc/bcwithqc_symlinks/I_L4_1" \
          --config="/g/steinmetz/link/Amplicon_barcode_analysis/library/bcwithqc_config_whole_genome_sublibs_1_to_4.json" \
          --output-dir="/scratch/link/Amplicon_barcode_analysis/HepG2_dual_rep_GALNAC_bcwithqc/bcwithqc_output/I_L4_1" \
          --threads="2" \
          --output-format-bam \
          -vv

        "/home/link/.conda/envs/py313/bin/bcwithqc" count \
          "/scratch/link/Amplicon_barcode_analysis/HepG2_dual_rep_GALNAC_bcwithqc/bcwithqc_output/I_L4_1" \
          --STAR-output-dir="/scratch/link/Amplicon_barcode_analysis/HepG2_dual_rep_GALNAC_bcwithqc/bcwithqc_output/I_L4_1" \
          --config="/g/steinmetz/link/Amplicon_barcode_analysis/library/bcwithqc_config_whole_genome_sublibs_1_to_4.json" \
          --output-dir="/scratch/link/Amplicon_barcode_analysis/HepG2_dual_rep_GALNAC_bcwithqc/bcwithqc_output/I_L4_1" \
          --threads="2" \
          -vv
          
        mkdir -p "$(dirname "/scratch/link/Amplicon_barcode_analysis/HepG2_dual_rep_GALNAC_bcwithqc/.pipeline_state/bcwithqc_done/I_L4_1.done")"
        touch "/scratch/link/Amplicon_barcode_analysis/HepG2_dual_rep_GALNAC_bcwithqc/.pipeline_state/bcwithqc_done/I_L4_1.done"
        
Job 26 has been submitted with SLURM jobid 57769915 (log: /home/link/Amplicon_barcode_analysis/Lukas_Pipeline/binned_PCR_amplicon_UMI_analysis/.snakemake/slurm_logs/rule_bcwithqc_one_sample/I_L4_1/57769915.log).
Select jobs to execute...
[Mon Jun 29 18:20:13 2026]
Finished job 34.
13 of 77 steps (17%) done
[Mon Jun 29 18:20:13 2026]
Finished job 13.
14 of 77 steps (18%) done
[Mon Jun 29 18:20:13 2026]
Finished job 58.
15 of 77 steps (19%) done
[Mon Jun 29 18:20:13 2026]
Finished job 37.
16 of 77 steps (21%) done
[Mon Jun 29 18:20:13 2026]
Finished job 16.
17 of 77 steps (22%) done
[Mon Jun 29 18:20:13 2026]
Finished job 61.
18 of 77 steps (23%) done
[Mon Jun 29 18:20:13 2026]
Finished job 40.
19 of 77 steps (25%) done
[Mon Jun 29 18:20:13 2026]
Finished job 9.
20 of 77 steps (26%) done
[Mon Jun 29 18:20:13 2026]
Finished job 22.
21 of 77 steps (27%) done
[Mon Jun 29 18:20:13 2026]
Finished job 67.
22 of 77 steps (29%) done
[Mon Jun 29 18:20:13 2026]
Finished job 46.
23 of 77 steps (30%) done
[Mon Jun 29 18:20:13 2026]
Finished job 76.
24 of 77 steps (31%) done
[Mon Jun 29 18:20:13 2026]
Finished job 70.
25 of 77 steps (32%) done
[Mon Jun 29 18:20:13 2026]
Finished job 24.
26 of 77 steps (34%) done
[Mon Jun 29 18:20:13 2026]
Finished job 48.
27 of 77 steps (35%) done
[Mon Jun 29 18:20:13 2026]
Finished job 30.
28 of 77 steps (36%) done
[Mon Jun 29 18:20:13 2026]
Finished job 72.
29 of 77 steps (38%) done
[Mon Jun 29 18:20:13 2026]
Finished job 78.
30 of 77 steps (39%) done
Execute 18 jobs...

[Mon Jun 29 18:20:13 2026]
rule prepare_bcwithqc_input:
    input: /scratch/link/Amplicon_barcode_analysis/HepG2_dual_rep_GALNAC_bcwithqc/QC_filtered/U_L3_1.fastq.gz
    output: /scratch/link/Amplicon_barcode_analysis/HepG2_dual_rep_GALNAC_bcwithqc/bcwithqc_symlinks/U_L3_1/U_L3_1.fastq.gz
    jobid: 69
    reason: Missing output files: /scratch/link/Amplicon_barcode_analysis/HepG2_dual_rep_GALNAC_bcwithqc/bcwithqc_symlinks/U_L3_1/U_L3_1.fastq.gz; Input files updated by another job: /scratch/link/Amplicon_barcode_analysis/HepG2_dual_rep_GALNAC_bcwithqc/QC_filtered/U_L3_1.fastq.gz
    wildcards: sample=U_L3_1
    resources: mem_mb=4000, mem_mib=3815, disk_mb=1328, disk_mib=1267, tmpdir=<TBD>, runtime=10, slurm_account=lsteinme


        mkdir -p "$(dirname /scratch/link/Amplicon_barcode_analysis/HepG2_dual_rep_GALNAC_bcwithqc/bcwithqc_symlinks/U_L3_1/U_L3_1.fastq.gz)"
        ln -sf "$(realpath "/scratch/link/Amplicon_barcode_analysis/HepG2_dual_rep_GALNAC_bcwithqc/QC_filtered/U_L3_1.fastq.gz")" "/scratch/link/Amplicon_barcode_analysis/HepG2_dual_rep_GALNAC_bcwithqc/bcwithqc_symlinks/U_L3_1/U_L3_1.fastq.gz"
        
Job 69 has been submitted with SLURM jobid 57769928 (log: /home/link/Amplicon_barcode_analysis/Lukas_Pipeline/binned_PCR_amplicon_UMI_analysis/.snakemake/slurm_logs/rule_prepare_bcwithqc_input/U_L3_1/57769928.log).

[Mon Jun 29 18:20:13 2026]
rule prepare_bcwithqc_input:
    input: /scratch/link/Amplicon_barcode_analysis/HepG2_dual_rep_GALNAC_bcwithqc/QC_filtered/I_L1_2.fastq.gz
    output: /scratch/link/Amplicon_barcode_analysis/HepG2_dual_rep_GALNAC_bcwithqc/bcwithqc_symlinks/I_L1_2/I_L1_2.fastq.gz
    jobid: 12
    reason: Missing output files: /scratch/link/Amplicon_barcode_analysis/HepG2_dual_rep_GALNAC_bcwithqc/bcwithqc_symlinks/I_L1_2/I_L1_2.fastq.gz; Input files updated by another job: /scratch/link/Amplicon_barcode_analysis/HepG2_dual_rep_GALNAC_bcwithqc/QC_filtered/I_L1_2.fastq.gz
    wildcards: sample=I_L1_2
    resources: mem_mb=4000, mem_mib=3815, disk_mb=1000, disk_mib=954, tmpdir=<TBD>, runtime=10, slurm_account=lsteinme


        mkdir -p "$(dirname /scratch/link/Amplicon_barcode_analysis/HepG2_dual_rep_GALNAC_bcwithqc/bcwithqc_symlinks/I_L1_2/I_L1_2.fastq.gz)"
        ln -sf "$(realpath "/scratch/link/Amplicon_barcode_analysis/HepG2_dual_rep_GALNAC_bcwithqc/QC_filtered/I_L1_2.fastq.gz")" "/scratch/link/Amplicon_barcode_analysis/HepG2_dual_rep_GALNAC_bcwithqc/bcwithqc_symlinks/I_L1_2/I_L1_2.fastq.gz"
        
Job 12 has been submitted with SLURM jobid 57769931 (log: /home/link/Amplicon_barcode_analysis/Lukas_Pipeline/binned_PCR_amplicon_UMI_analysis/.snakemake/slurm_logs/rule_prepare_bcwithqc_input/I_L1_2/57769931.log).

[Mon Jun 29 18:20:14 2026]
rule prepare_bcwithqc_input:
    input: /scratch/link/Amplicon_barcode_analysis/HepG2_dual_rep_GALNAC_bcwithqc/QC_filtered/I_L1_1.fastq.gz
    output: /scratch/link/Amplicon_barcode_analysis/HepG2_dual_rep_GALNAC_bcwithqc/bcwithqc_symlinks/I_L1_1/I_L1_1.fastq.gz
    jobid: 8
    reason: Missing output files: /scratch/link/Amplicon_barcode_analysis/HepG2_dual_rep_GALNAC_bcwithqc/bcwithqc_symlinks/I_L1_1/I_L1_1.fastq.gz; Input files updated by another job: /scratch/link/Amplicon_barcode_analysis/HepG2_dual_rep_GALNAC_bcwithqc/QC_filtered/I_L1_1.fastq.gz
    wildcards: sample=I_L1_1
    resources: mem_mb=4000, mem_mib=3815, disk_mb=1000, disk_mib=954, tmpdir=<TBD>, runtime=10, slurm_account=lsteinme


        mkdir -p "$(dirname /scratch/link/Amplicon_barcode_analysis/HepG2_dual_rep_GALNAC_bcwithqc/bcwithqc_symlinks/I_L1_1/I_L1_1.fastq.gz)"
        ln -sf "$(realpath "/scratch/link/Amplicon_barcode_analysis/HepG2_dual_rep_GALNAC_bcwithqc/QC_filtered/I_L1_1.fastq.gz")" "/scratch/link/Amplicon_barcode_analysis/HepG2_dual_rep_GALNAC_bcwithqc/bcwithqc_symlinks/I_L1_1/I_L1_1.fastq.gz"
        
Job 8 has been submitted with SLURM jobid 57769933 (log: /home/link/Amplicon_barcode_analysis/Lukas_Pipeline/binned_PCR_amplicon_UMI_analysis/.snakemake/slurm_logs/rule_prepare_bcwithqc_input/I_L1_1/57769933.log).

[Mon Jun 29 18:20:14 2026]
rule prepare_bcwithqc_input:
    input: /scratch/link/Amplicon_barcode_analysis/HepG2_dual_rep_GALNAC_bcwithqc/QC_filtered/L_L1_2.fastq.gz
    output: /scratch/link/Amplicon_barcode_analysis/HepG2_dual_rep_GALNAC_bcwithqc/bcwithqc_symlinks/L_L1_2/L_L1_2.fastq.gz
    jobid: 36
    reason: Missing output files: /scratch/link/Amplicon_barcode_analysis/HepG2_dual_rep_GALNAC_bcwithqc/bcwithqc_symlinks/L_L1_2/L_L1_2.fastq.gz; Input files updated by another job: /scratch/link/Amplicon_barcode_analysis/HepG2_dual_rep_GALNAC_bcwithqc/QC_filtered/L_L1_2.fastq.gz
    wildcards: sample=L_L1_2
    resources: mem_mb=4000, mem_mib=3815, disk_mb=1000, disk_mib=954, tmpdir=<TBD>, runtime=10, slurm_account=lsteinme


        mkdir -p "$(dirname /scratch/link/Amplicon_barcode_analysis/HepG2_dual_rep_GALNAC_bcwithqc/bcwithqc_symlinks/L_L1_2/L_L1_2.fastq.gz)"
        ln -sf "$(realpath "/scratch/link/Amplicon_barcode_analysis/HepG2_dual_rep_GALNAC_bcwithqc/QC_filtered/L_L1_2.fastq.gz")" "/scratch/link/Amplicon_barcode_analysis/HepG2_dual_rep_GALNAC_bcwithqc/bcwithqc_symlinks/L_L1_2/L_L1_2.fastq.gz"
        
Job 36 has been submitted with SLURM jobid 57769937 (log: /home/link/Amplicon_barcode_analysis/Lukas_Pipeline/binned_PCR_amplicon_UMI_analysis/.snakemake/slurm_logs/rule_prepare_bcwithqc_input/L_L1_2/57769937.log).

[Mon Jun 29 18:20:15 2026]
rule bcwithqc_one_sample:
    input: /scratch/link/Amplicon_barcode_analysis/HepG2_dual_rep_GALNAC_bcwithqc/bcwithqc_symlinks/I_L3_2/I_L3_2.fastq.gz
    output: /scratch/link/Amplicon_barcode_analysis/HepG2_dual_rep_GALNAC_bcwithqc/.pipeline_state/bcwithqc_done/I_L3_2.done
    jobid: 23
    reason: Missing output files: /scratch/link/Amplicon_barcode_analysis/HepG2_dual_rep_GALNAC_bcwithqc/.pipeline_state/bcwithqc_done/I_L3_2.done; Input files updated by another job: /scratch/link/Amplicon_barcode_analysis/HepG2_dual_rep_GALNAC_bcwithqc/bcwithqc_symlinks/I_L3_2/I_L3_2.fastq.gz
    wildcards: sample=I_L3_2
    threads: 2
    resources: mem_mb=40000, mem_mib=38147, disk_mb=1000, disk_mib=954, tmpdir=<TBD>, runtime=2400, slurm_account=lsteinme


        unset PYTHONPATH
        unset PYTHONHOME
        export PYTHONNOUSERSITE=1

        rm -rf "/scratch/link/Amplicon_barcode_analysis/HepG2_dual_rep_GALNAC_bcwithqc/bcwithqc_output/I_L3_2"
        mkdir -p "/scratch/link/Amplicon_barcode_analysis/HepG2_dual_rep_GALNAC_bcwithqc/bcwithqc_output/I_L3_2"

        "/home/link/.conda/envs/py313/bin/bcwithqc" preprocess \
          "/scratch/link/Amplicon_barcode_analysis/HepG2_dual_rep_GALNAC_bcwithqc/bcwithqc_symlinks/I_L3_2" \
          --config="/g/steinmetz/link/Amplicon_barcode_analysis/library/bcwithqc_config_whole_genome_sublibs_1_to_4.json" \
          --output-dir="/scratch/link/Amplicon_barcode_analysis/HepG2_dual_rep_GALNAC_bcwithqc/bcwithqc_output/I_L3_2" \
          --threads="2" \
          --output-format-bam \
          -vv

        "/home/link/.conda/envs/py313/bin/bcwithqc" count \
          "/scratch/link/Amplicon_barcode_analysis/HepG2_dual_rep_GALNAC_bcwithqc/bcwithqc_output/I_L3_2" \
          --STAR-output-dir="/scratch/link/Amplicon_barcode_analysis/HepG2_dual_rep_GALNAC_bcwithqc/bcwithqc_output/I_L3_2" \
          --config="/g/steinmetz/link/Amplicon_barcode_analysis/library/bcwithqc_config_whole_genome_sublibs_1_to_4.json" \
          --output-dir="/scratch/link/Amplicon_barcode_analysis/HepG2_dual_rep_GALNAC_bcwithqc/bcwithqc_output/I_L3_2" \
          --threads="2" \
          -vv
          
        mkdir -p "$(dirname "/scratch/link/Amplicon_barcode_analysis/HepG2_dual_rep_GALNAC_bcwithqc/.pipeline_state/bcwithqc_done/I_L3_2.done")"
        touch "/scratch/link/Amplicon_barcode_analysis/HepG2_dual_rep_GALNAC_bcwithqc/.pipeline_state/bcwithqc_done/I_L3_2.done"
        
Job 23 has been submitted with SLURM jobid 57769939 (log: /home/link/Amplicon_barcode_analysis/Lukas_Pipeline/binned_PCR_amplicon_UMI_analysis/.snakemake/slurm_logs/rule_bcwithqc_one_sample/I_L3_2/57769939.log).

[Mon Jun 29 18:20:15 2026]
rule prepare_bcwithqc_input:
    input: /scratch/link/Amplicon_barcode_analysis/HepG2_dual_rep_GALNAC_bcwithqc/QC_filtered/L_L3_1.fastq.gz
    output: /scratch/link/Amplicon_barcode_analysis/HepG2_dual_rep_GALNAC_bcwithqc/bcwithqc_symlinks/L_L3_1/L_L3_1.fastq.gz
    jobid: 45
    reason: Missing output files: /scratch/link/Amplicon_barcode_analysis/HepG2_dual_rep_GALNAC_bcwithqc/bcwithqc_symlinks/L_L3_1/L_L3_1.fastq.gz; Input files updated by another job: /scratch/link/Amplicon_barcode_analysis/HepG2_dual_rep_GALNAC_bcwithqc/QC_filtered/L_L3_1.fastq.gz
    wildcards: sample=L_L3_1
    resources: mem_mb=4000, mem_mib=3815, disk_mb=1284, disk_mib=1225, tmpdir=<TBD>, runtime=10, slurm_account=lsteinme


        mkdir -p "$(dirname /scratch/link/Amplicon_barcode_analysis/HepG2_dual_rep_GALNAC_bcwithqc/bcwithqc_symlinks/L_L3_1/L_L3_1.fastq.gz)"
        ln -sf "$(realpath "/scratch/link/Amplicon_barcode_analysis/HepG2_dual_rep_GALNAC_bcwithqc/QC_filtered/L_L3_1.fastq.gz")" "/scratch/link/Amplicon_barcode_analysis/HepG2_dual_rep_GALNAC_bcwithqc/bcwithqc_symlinks/L_L3_1/L_L3_1.fastq.gz"
        
Job 45 has been submitted with SLURM jobid 57769941 (log: /home/link/Amplicon_barcode_analysis/Lukas_Pipeline/binned_PCR_amplicon_UMI_analysis/.snakemake/slurm_logs/rule_prepare_bcwithqc_input/L_L3_1/57769941.log).

[Mon Jun 29 18:20:16 2026]
rule bcwithqc_one_sample:
    input: /scratch/link/Amplicon_barcode_analysis/HepG2_dual_rep_GALNAC_bcwithqc/bcwithqc_symlinks/U_L4_2/U_L4_2.fastq.gz
    output: /scratch/link/Amplicon_barcode_analysis/HepG2_dual_rep_GALNAC_bcwithqc/.pipeline_state/bcwithqc_done/U_L4_2.done
    jobid: 77
    reason: Missing output files: /scratch/link/Amplicon_barcode_analysis/HepG2_dual_rep_GALNAC_bcwithqc/.pipeline_state/bcwithqc_done/U_L4_2.done; Input files updated by another job: /scratch/link/Amplicon_barcode_analysis/HepG2_dual_rep_GALNAC_bcwithqc/bcwithqc_symlinks/U_L4_2/U_L4_2.fastq.gz
    wildcards: sample=U_L4_2
    threads: 2
    resources: mem_mb=40000, mem_mib=38147, disk_mb=1000, disk_mib=954, tmpdir=<TBD>, runtime=2400, slurm_account=lsteinme


        unset PYTHONPATH
        unset PYTHONHOME
        export PYTHONNOUSERSITE=1

        rm -rf "/scratch/link/Amplicon_barcode_analysis/HepG2_dual_rep_GALNAC_bcwithqc/bcwithqc_output/U_L4_2"
        mkdir -p "/scratch/link/Amplicon_barcode_analysis/HepG2_dual_rep_GALNAC_bcwithqc/bcwithqc_output/U_L4_2"

        "/home/link/.conda/envs/py313/bin/bcwithqc" preprocess \
          "/scratch/link/Amplicon_barcode_analysis/HepG2_dual_rep_GALNAC_bcwithqc/bcwithqc_symlinks/U_L4_2" \
          --config="/g/steinmetz/link/Amplicon_barcode_analysis/library/bcwithqc_config_whole_genome_sublibs_1_to_4.json" \
          --output-dir="/scratch/link/Amplicon_barcode_analysis/HepG2_dual_rep_GALNAC_bcwithqc/bcwithqc_output/U_L4_2" \
          --threads="2" \
          --output-format-bam \
          -vv

        "/home/link/.conda/envs/py313/bin/bcwithqc" count \
          "/scratch/link/Amplicon_barcode_analysis/HepG2_dual_rep_GALNAC_bcwithqc/bcwithqc_output/U_L4_2" \
          --STAR-output-dir="/scratch/link/Amplicon_barcode_analysis/HepG2_dual_rep_GALNAC_bcwithqc/bcwithqc_output/U_L4_2" \
          --config="/g/steinmetz/link/Amplicon_barcode_analysis/library/bcwithqc_config_whole_genome_sublibs_1_to_4.json" \
          --output-dir="/scratch/link/Amplicon_barcode_analysis/HepG2_dual_rep_GALNAC_bcwithqc/bcwithqc_output/U_L4_2" \
          --threads="2" \
          -vv
          
        mkdir -p "$(dirname "/scratch/link/Amplicon_barcode_analysis/HepG2_dual_rep_GALNAC_bcwithqc/.pipeline_state/bcwithqc_done/U_L4_2.done")"
        touch "/scratch/link/Amplicon_barcode_analysis/HepG2_dual_rep_GALNAC_bcwithqc/.pipeline_state/bcwithqc_done/U_L4_2.done"
        
Job 77 has been submitted with SLURM jobid 57769944 (log: /home/link/Amplicon_barcode_analysis/Lukas_Pipeline/binned_PCR_amplicon_UMI_analysis/.snakemake/slurm_logs/rule_bcwithqc_one_sample/U_L4_2/57769944.log).

[Mon Jun 29 18:20:16 2026]
rule prepare_bcwithqc_input:
    input: /scratch/link/Amplicon_barcode_analysis/HepG2_dual_rep_GALNAC_bcwithqc/QC_filtered/I_L3_1.fastq.gz
    output: /scratch/link/Amplicon_barcode_analysis/HepG2_dual_rep_GALNAC_bcwithqc/bcwithqc_symlinks/I_L3_1/I_L3_1.fastq.gz
    jobid: 21
    reason: Missing output files: /scratch/link/Amplicon_barcode_analysis/HepG2_dual_rep_GALNAC_bcwithqc/bcwithqc_symlinks/I_L3_1/I_L3_1.fastq.gz; Input files updated by another job: /scratch/link/Amplicon_barcode_analysis/HepG2_dual_rep_GALNAC_bcwithqc/QC_filtered/I_L3_1.fastq.gz
    wildcards: sample=I_L3_1
    resources: mem_mb=4000, mem_mib=3815, disk_mb=1172, disk_mib=1118, tmpdir=<TBD>, runtime=10, slurm_account=lsteinme


        mkdir -p "$(dirname /scratch/link/Amplicon_barcode_analysis/HepG2_dual_rep_GALNAC_bcwithqc/bcwithqc_symlinks/I_L3_1/I_L3_1.fastq.gz)"
        ln -sf "$(realpath "/scratch/link/Amplicon_barcode_analysis/HepG2_dual_rep_GALNAC_bcwithqc/QC_filtered/I_L3_1.fastq.gz")" "/scratch/link/Amplicon_barcode_analysis/HepG2_dual_rep_GALNAC_bcwithqc/bcwithqc_symlinks/I_L3_1/I_L3_1.fastq.gz"
        
Job 21 has been submitted with SLURM jobid 57769947 (log: /home/link/Amplicon_barcode_analysis/Lukas_Pipeline/binned_PCR_amplicon_UMI_analysis/.snakemake/slurm_logs/rule_prepare_bcwithqc_input/I_L3_1/57769947.log).

[Mon Jun 29 18:20:17 2026]
rule prepare_bcwithqc_input:
    input: /scratch/link/Amplicon_barcode_analysis/HepG2_dual_rep_GALNAC_bcwithqc/QC_filtered/U_L2_2.fastq.gz
    output: /scratch/link/Amplicon_barcode_analysis/HepG2_dual_rep_GALNAC_bcwithqc/bcwithqc_symlinks/U_L2_2/U_L2_2.fastq.gz
    jobid: 66
    reason: Missing output files: /scratch/link/Amplicon_barcode_analysis/HepG2_dual_rep_GALNAC_bcwithqc/bcwithqc_symlinks/U_L2_2/U_L2_2.fastq.gz; Input files updated by another job: /scratch/link/Amplicon_barcode_analysis/HepG2_dual_rep_GALNAC_bcwithqc/QC_filtered/U_L2_2.fastq.gz
    wildcards: sample=U_L2_2
    resources: mem_mb=4000, mem_mib=3815, disk_mb=1000, disk_mib=954, tmpdir=<TBD>, runtime=10, slurm_account=lsteinme


        mkdir -p "$(dirname /scratch/link/Amplicon_barcode_analysis/HepG2_dual_rep_GALNAC_bcwithqc/bcwithqc_symlinks/U_L2_2/U_L2_2.fastq.gz)"
        ln -sf "$(realpath "/scratch/link/Amplicon_barcode_analysis/HepG2_dual_rep_GALNAC_bcwithqc/QC_filtered/U_L2_2.fastq.gz")" "/scratch/link/Amplicon_barcode_analysis/HepG2_dual_rep_GALNAC_bcwithqc/bcwithqc_symlinks/U_L2_2/U_L2_2.fastq.gz"
        
Job 66 has been submitted with SLURM jobid 57769949 (log: /home/link/Amplicon_barcode_analysis/Lukas_Pipeline/binned_PCR_amplicon_UMI_analysis/.snakemake/slurm_logs/rule_prepare_bcwithqc_input/U_L2_2/57769949.log).

[Mon Jun 29 18:20:17 2026]
rule prepare_bcwithqc_input:
    input: /scratch/link/Amplicon_barcode_analysis/HepG2_dual_rep_GALNAC_bcwithqc/QC_filtered/L_L4_1.fastq.gz
    output: /scratch/link/Amplicon_barcode_analysis/HepG2_dual_rep_GALNAC_bcwithqc/bcwithqc_symlinks/L_L4_1/L_L4_1.fastq.gz
    jobid: 51
    reason: Missing output files: /scratch/link/Amplicon_barcode_analysis/HepG2_dual_rep_GALNAC_bcwithqc/bcwithqc_symlinks/L_L4_1/L_L4_1.fastq.gz; Input files updated by another job: /scratch/link/Amplicon_barcode_analysis/HepG2_dual_rep_GALNAC_bcwithqc/QC_filtered/L_L4_1.fastq.gz
    wildcards: sample=L_L4_1
    resources: mem_mb=4000, mem_mib=3815, disk_mb=1328, disk_mib=1267, tmpdir=<TBD>, runtime=10, slurm_account=lsteinme


        mkdir -p "$(dirname /scratch/link/Amplicon_barcode_analysis/HepG2_dual_rep_GALNAC_bcwithqc/bcwithqc_symlinks/L_L4_1/L_L4_1.fastq.gz)"
        ln -sf "$(realpath "/scratch/link/Amplicon_barcode_analysis/HepG2_dual_rep_GALNAC_bcwithqc/QC_filtered/L_L4_1.fastq.gz")" "/scratch/link/Amplicon_barcode_analysis/HepG2_dual_rep_GALNAC_bcwithqc/bcwithqc_symlinks/L_L4_1/L_L4_1.fastq.gz"
        
Job 51 has been submitted with SLURM jobid 57769952 (log: /home/link/Amplicon_barcode_analysis/Lukas_Pipeline/binned_PCR_amplicon_UMI_analysis/.snakemake/slurm_logs/rule_prepare_bcwithqc_input/L_L4_1/57769952.log).

[Mon Jun 29 18:20:17 2026]
rule prepare_bcwithqc_input:
    input: /scratch/link/Amplicon_barcode_analysis/HepG2_dual_rep_GALNAC_bcwithqc/QC_filtered/L_L1_1.fastq.gz
    output: /scratch/link/Amplicon_barcode_analysis/HepG2_dual_rep_GALNAC_bcwithqc/bcwithqc_symlinks/L_L1_1/L_L1_1.fastq.gz
    jobid: 33
    reason: Missing output files: /scratch/link/Amplicon_barcode_analysis/HepG2_dual_rep_GALNAC_bcwithqc/bcwithqc_symlinks/L_L1_1/L_L1_1.fastq.gz; Input files updated by another job: /scratch/link/Amplicon_barcode_analysis/HepG2_dual_rep_GALNAC_bcwithqc/QC_filtered/L_L1_1.fastq.gz
    wildcards: sample=L_L1_1
    resources: mem_mb=4000, mem_mib=3815, disk_mb=1000, disk_mib=954, tmpdir=<TBD>, runtime=10, slurm_account=lsteinme


        mkdir -p "$(dirname /scratch/link/Amplicon_barcode_analysis/HepG2_dual_rep_GALNAC_bcwithqc/bcwithqc_symlinks/L_L1_1/L_L1_1.fastq.gz)"
        ln -sf "$(realpath "/scratch/link/Amplicon_barcode_analysis/HepG2_dual_rep_GALNAC_bcwithqc/QC_filtered/L_L1_1.fastq.gz")" "/scratch/link/Amplicon_barcode_analysis/HepG2_dual_rep_GALNAC_bcwithqc/bcwithqc_symlinks/L_L1_1/L_L1_1.fastq.gz"
        
Job 33 has been submitted with SLURM jobid 57769954 (log: /home/link/Amplicon_barcode_analysis/Lukas_Pipeline/binned_PCR_amplicon_UMI_analysis/.snakemake/slurm_logs/rule_prepare_bcwithqc_input/L_L1_1/57769954.log).

[Mon Jun 29 18:20:17 2026]
rule bcwithqc_one_sample:
    input: /scratch/link/Amplicon_barcode_analysis/HepG2_dual_rep_GALNAC_bcwithqc/bcwithqc_symlinks/I_L4_2/I_L4_2.fastq.gz
    output: /scratch/link/Amplicon_barcode_analysis/HepG2_dual_rep_GALNAC_bcwithqc/.pipeline_state/bcwithqc_done/I_L4_2.done
    jobid: 29
    reason: Missing output files: /scratch/link/Amplicon_barcode_analysis/HepG2_dual_rep_GALNAC_bcwithqc/.pipeline_state/bcwithqc_done/I_L4_2.done; Input files updated by another job: /scratch/link/Amplicon_barcode_analysis/HepG2_dual_rep_GALNAC_bcwithqc/bcwithqc_symlinks/I_L4_2/I_L4_2.fastq.gz
    wildcards: sample=I_L4_2
    threads: 2
    resources: mem_mb=40000, mem_mib=38147, disk_mb=1263, disk_mib=1205, tmpdir=<TBD>, runtime=2400, slurm_account=lsteinme


        unset PYTHONPATH
        unset PYTHONHOME
        export PYTHONNOUSERSITE=1

        rm -rf "/scratch/link/Amplicon_barcode_analysis/HepG2_dual_rep_GALNAC_bcwithqc/bcwithqc_output/I_L4_2"
        mkdir -p "/scratch/link/Amplicon_barcode_analysis/HepG2_dual_rep_GALNAC_bcwithqc/bcwithqc_output/I_L4_2"

        "/home/link/.conda/envs/py313/bin/bcwithqc" preprocess \
          "/scratch/link/Amplicon_barcode_analysis/HepG2_dual_rep_GALNAC_bcwithqc/bcwithqc_symlinks/I_L4_2" \
          --config="/g/steinmetz/link/Amplicon_barcode_analysis/library/bcwithqc_config_whole_genome_sublibs_1_to_4.json" \
          --output-dir="/scratch/link/Amplicon_barcode_analysis/HepG2_dual_rep_GALNAC_bcwithqc/bcwithqc_output/I_L4_2" \
          --threads="2" \
          --output-format-bam \
          -vv

        "/home/link/.conda/envs/py313/bin/bcwithqc" count \
          "/scratch/link/Amplicon_barcode_analysis/HepG2_dual_rep_GALNAC_bcwithqc/bcwithqc_output/I_L4_2" \
          --STAR-output-dir="/scratch/link/Amplicon_barcode_analysis/HepG2_dual_rep_GALNAC_bcwithqc/bcwithqc_output/I_L4_2" \
          --config="/g/steinmetz/link/Amplicon_barcode_analysis/library/bcwithqc_config_whole_genome_sublibs_1_to_4.json" \
          --output-dir="/scratch/link/Amplicon_barcode_analysis/HepG2_dual_rep_GALNAC_bcwithqc/bcwithqc_output/I_L4_2" \
          --threads="2" \
          -vv
          
        mkdir -p "$(dirname "/scratch/link/Amplicon_barcode_analysis/HepG2_dual_rep_GALNAC_bcwithqc/.pipeline_state/bcwithqc_done/I_L4_2.done")"
        touch "/scratch/link/Amplicon_barcode_analysis/HepG2_dual_rep_GALNAC_bcwithqc/.pipeline_state/bcwithqc_done/I_L4_2.done"
        
Job 29 has been submitted with SLURM jobid 57769957 (log: /home/link/Amplicon_barcode_analysis/Lukas_Pipeline/binned_PCR_amplicon_UMI_analysis/.snakemake/slurm_logs/rule_bcwithqc_one_sample/I_L4_2/57769957.log).

[Mon Jun 29 18:20:17 2026]
rule QC_filter_shell:
    input: /scratch/link/Amplicon_barcode_analysis/HepG2_dual_rep_GALNAC_bcwithqc/fastq_symlinks/U_L2_1.fastq.gz, /scratch/link/Amplicon_barcode_analysis/HepG2_dual_rep_GALNAC_bcwithqc/.pipeline_state/QC_filtering_params.sh, /scratch/link/Amplicon_barcode_analysis/HepG2_dual_rep_GALNAC_bcwithqc/.pipeline_state/01_setup.done
    output: /scratch/link/Amplicon_barcode_analysis/HepG2_dual_rep_GALNAC_bcwithqc/QC_filtered/U_L2_1.fastq.gz
    jobid: 64
    reason: Missing output files: /scratch/link/Amplicon_barcode_analysis/HepG2_dual_rep_GALNAC_bcwithqc/QC_filtered/U_L2_1.fastq.gz; Input files updated by another job: /scratch/link/Amplicon_barcode_analysis/HepG2_dual_rep_GALNAC_bcwithqc/.pipeline_state/QC_filtering_params.sh
    wildcards: sample=U_L2_1
    resources: mem_mb=16000, mem_mib=15259, disk_mb=1000, disk_mib=954, tmpdir=<TBD>, runtime=60, slurm_account=lsteinme


        source /scratch/link/Amplicon_barcode_analysis/HepG2_dual_rep_GALNAC_bcwithqc/.pipeline_state/QC_filtering_params.sh

        if [[ "$QC_FILTERING_RUN" == "true" ]]; then
          bash shell/QC_filtering_snake.sh \
            --input-fastq /scratch/link/Amplicon_barcode_analysis/HepG2_dual_rep_GALNAC_bcwithqc/fastq_symlinks/U_L2_1.fastq.gz \
            --output-fastq /scratch/link/Amplicon_barcode_analysis/HepG2_dual_rep_GALNAC_bcwithqc/QC_filtered/U_L2_1.fastq.gz \
            --min-qual "$QC_MIN_QUAL" \
            --qual-offset "$QC_QUAL_OFFSET" \
            --min-length "$QC_MIN_LENGTH" \
            --use-modules "$USE_MODULES" \
            --seqtk-module "$SEQTK_MODULE"
        else
          mkdir -p "$(dirname "/scratch/link/Amplicon_barcode_analysis/HepG2_dual_rep_GALNAC_bcwithqc/QC_filtered/U_L2_1.fastq.gz")"

          if [[ "/scratch/link/Amplicon_barcode_analysis/HepG2_dual_rep_GALNAC_bcwithqc/fastq_symlinks/U_L2_1.fastq.gz" == *.gz ]]; then
            ln -sf "/scratch/link/Amplicon_barcode_analysis/HepG2_dual_rep_GALNAC_bcwithqc/fastq_symlinks/U_L2_1.fastq.gz" "/scratch/link/Amplicon_barcode_analysis/HepG2_dual_rep_GALNAC_bcwithqc/QC_filtered/U_L2_1.fastq.gz"
          else
            gzip -c "/scratch/link/Amplicon_barcode_analysis/HepG2_dual_rep_GALNAC_bcwithqc/fastq_symlinks/U_L2_1.fastq.gz" > "/scratch/link/Amplicon_barcode_analysis/HepG2_dual_rep_GALNAC_bcwithqc/QC_filtered/U_L2_1.fastq.gz"
          fi
        fi
        
Job 64 has been submitted with SLURM jobid 57769961 (log: /home/link/Amplicon_barcode_analysis/Lukas_Pipeline/binned_PCR_amplicon_UMI_analysis/.snakemake/slurm_logs/rule_QC_filter_shell/U_L2_1/57769961.log).

[Mon Jun 29 18:20:18 2026]
rule prepare_bcwithqc_input:
    input: /scratch/link/Amplicon_barcode_analysis/HepG2_dual_rep_GALNAC_bcwithqc/QC_filtered/L_L2_1.fastq.gz
    output: /scratch/link/Amplicon_barcode_analysis/HepG2_dual_rep_GALNAC_bcwithqc/bcwithqc_symlinks/L_L2_1/L_L2_1.fastq.gz
    jobid: 39
    reason: Missing output files: /scratch/link/Amplicon_barcode_analysis/HepG2_dual_rep_GALNAC_bcwithqc/bcwithqc_symlinks/L_L2_1/L_L2_1.fastq.gz; Input files updated by another job: /scratch/link/Amplicon_barcode_analysis/HepG2_dual_rep_GALNAC_bcwithqc/QC_filtered/L_L2_1.fastq.gz
    wildcards: sample=L_L2_1
    resources: mem_mb=4000, mem_mib=3815, disk_mb=1000, disk_mib=954, tmpdir=<TBD>, runtime=10, slurm_account=lsteinme


        mkdir -p "$(dirname /scratch/link/Amplicon_barcode_analysis/HepG2_dual_rep_GALNAC_bcwithqc/bcwithqc_symlinks/L_L2_1/L_L2_1.fastq.gz)"
        ln -sf "$(realpath "/scratch/link/Amplicon_barcode_analysis/HepG2_dual_rep_GALNAC_bcwithqc/QC_filtered/L_L2_1.fastq.gz")" "/scratch/link/Amplicon_barcode_analysis/HepG2_dual_rep_GALNAC_bcwithqc/bcwithqc_symlinks/L_L2_1/L_L2_1.fastq.gz"
        
Job 39 has been submitted with SLURM jobid 57769964 (log: /home/link/Amplicon_barcode_analysis/Lukas_Pipeline/binned_PCR_amplicon_UMI_analysis/.snakemake/slurm_logs/rule_prepare_bcwithqc_input/L_L2_1/57769964.log).

[Mon Jun 29 18:20:18 2026]
rule bcwithqc_one_sample:
    input: /scratch/link/Amplicon_barcode_analysis/HepG2_dual_rep_GALNAC_bcwithqc/bcwithqc_symlinks/L_L3_2/L_L3_2.fastq.gz
    output: /scratch/link/Amplicon_barcode_analysis/HepG2_dual_rep_GALNAC_bcwithqc/.pipeline_state/bcwithqc_done/L_L3_2.done
    jobid: 47
    reason: Missing output files: /scratch/link/Amplicon_barcode_analysis/HepG2_dual_rep_GALNAC_bcwithqc/.pipeline_state/bcwithqc_done/L_L3_2.done; Input files updated by another job: /scratch/link/Amplicon_barcode_analysis/HepG2_dual_rep_GALNAC_bcwithqc/bcwithqc_symlinks/L_L3_2/L_L3_2.fastq.gz
    wildcards: sample=L_L3_2
    threads: 2
    resources: mem_mb=40000, mem_mib=38147, disk_mb=1000, disk_mib=954, tmpdir=<TBD>, runtime=2400, slurm_account=lsteinme


        unset PYTHONPATH
        unset PYTHONHOME
        export PYTHONNOUSERSITE=1

        rm -rf "/scratch/link/Amplicon_barcode_analysis/HepG2_dual_rep_GALNAC_bcwithqc/bcwithqc_output/L_L3_2"
        mkdir -p "/scratch/link/Amplicon_barcode_analysis/HepG2_dual_rep_GALNAC_bcwithqc/bcwithqc_output/L_L3_2"

        "/home/link/.conda/envs/py313/bin/bcwithqc" preprocess \
          "/scratch/link/Amplicon_barcode_analysis/HepG2_dual_rep_GALNAC_bcwithqc/bcwithqc_symlinks/L_L3_2" \
          --config="/g/steinmetz/link/Amplicon_barcode_analysis/library/bcwithqc_config_whole_genome_sublibs_1_to_4.json" \
          --output-dir="/scratch/link/Amplicon_barcode_analysis/HepG2_dual_rep_GALNAC_bcwithqc/bcwithqc_output/L_L3_2" \
          --threads="2" \
          --output-format-bam \
          -vv

        "/home/link/.conda/envs/py313/bin/bcwithqc" count \
          "/scratch/link/Amplicon_barcode_analysis/HepG2_dual_rep_GALNAC_bcwithqc/bcwithqc_output/L_L3_2" \
          --STAR-output-dir="/scratch/link/Amplicon_barcode_analysis/HepG2_dual_rep_GALNAC_bcwithqc/bcwithqc_output/L_L3_2" \
          --config="/g/steinmetz/link/Amplicon_barcode_analysis/library/bcwithqc_config_whole_genome_sublibs_1_to_4.json" \
          --output-dir="/scratch/link/Amplicon_barcode_analysis/HepG2_dual_rep_GALNAC_bcwithqc/bcwithqc_output/L_L3_2" \
          --threads="2" \
          -vv
          
        mkdir -p "$(dirname "/scratch/link/Amplicon_barcode_analysis/HepG2_dual_rep_GALNAC_bcwithqc/.pipeline_state/bcwithqc_done/L_L3_2.done")"
        touch "/scratch/link/Amplicon_barcode_analysis/HepG2_dual_rep_GALNAC_bcwithqc/.pipeline_state/bcwithqc_done/L_L3_2.done"
        
Job 47 has been submitted with SLURM jobid 57769967 (log: /home/link/Amplicon_barcode_analysis/Lukas_Pipeline/binned_PCR_amplicon_UMI_analysis/.snakemake/slurm_logs/rule_bcwithqc_one_sample/L_L3_2/57769967.log).

[Mon Jun 29 18:20:18 2026]
rule bcwithqc_one_sample:
    input: /scratch/link/Amplicon_barcode_analysis/HepG2_dual_rep_GALNAC_bcwithqc/bcwithqc_symlinks/U_L3_2/U_L3_2.fastq.gz
    output: /scratch/link/Amplicon_barcode_analysis/HepG2_dual_rep_GALNAC_bcwithqc/.pipeline_state/bcwithqc_done/U_L3_2.done
    jobid: 71
    reason: Missing output files: /scratch/link/Amplicon_barcode_analysis/HepG2_dual_rep_GALNAC_bcwithqc/.pipeline_state/bcwithqc_done/U_L3_2.done; Input files updated by another job: /scratch/link/Amplicon_barcode_analysis/HepG2_dual_rep_GALNAC_bcwithqc/bcwithqc_symlinks/U_L3_2/U_L3_2.fastq.gz
    wildcards: sample=U_L3_2
    threads: 2
    resources: mem_mb=40000, mem_mib=38147, disk_mb=1000, disk_mib=954, tmpdir=<TBD>, runtime=2400, slurm_account=lsteinme


        unset PYTHONPATH
        unset PYTHONHOME
        export PYTHONNOUSERSITE=1

        rm -rf "/scratch/link/Amplicon_barcode_analysis/HepG2_dual_rep_GALNAC_bcwithqc/bcwithqc_output/U_L3_2"
        mkdir -p "/scratch/link/Amplicon_barcode_analysis/HepG2_dual_rep_GALNAC_bcwithqc/bcwithqc_output/U_L3_2"

        "/home/link/.conda/envs/py313/bin/bcwithqc" preprocess \
          "/scratch/link/Amplicon_barcode_analysis/HepG2_dual_rep_GALNAC_bcwithqc/bcwithqc_symlinks/U_L3_2" \
          --config="/g/steinmetz/link/Amplicon_barcode_analysis/library/bcwithqc_config_whole_genome_sublibs_1_to_4.json" \
          --output-dir="/scratch/link/Amplicon_barcode_analysis/HepG2_dual_rep_GALNAC_bcwithqc/bcwithqc_output/U_L3_2" \
          --threads="2" \
          --output-format-bam \
          -vv

        "/home/link/.conda/envs/py313/bin/bcwithqc" count \
          "/scratch/link/Amplicon_barcode_analysis/HepG2_dual_rep_GALNAC_bcwithqc/bcwithqc_output/U_L3_2" \
          --STAR-output-dir="/scratch/link/Amplicon_barcode_analysis/HepG2_dual_rep_GALNAC_bcwithqc/bcwithqc_output/U_L3_2" \
          --config="/g/steinmetz/link/Amplicon_barcode_analysis/library/bcwithqc_config_whole_genome_sublibs_1_to_4.json" \
          --output-dir="/scratch/link/Amplicon_barcode_analysis/HepG2_dual_rep_GALNAC_bcwithqc/bcwithqc_output/U_L3_2" \
          --threads="2" \
          -vv
          
        mkdir -p "$(dirname "/scratch/link/Amplicon_barcode_analysis/HepG2_dual_rep_GALNAC_bcwithqc/.pipeline_state/bcwithqc_done/U_L3_2.done")"
        touch "/scratch/link/Amplicon_barcode_analysis/HepG2_dual_rep_GALNAC_bcwithqc/.pipeline_state/bcwithqc_done/U_L3_2.done"
        
Job 71 has been submitted with SLURM jobid 57769970 (log: /home/link/Amplicon_barcode_analysis/Lukas_Pipeline/binned_PCR_amplicon_UMI_analysis/.snakemake/slurm_logs/rule_bcwithqc_one_sample/U_L3_2/57769970.log).

[Mon Jun 29 18:20:19 2026]
rule prepare_bcwithqc_input:
    input: /scratch/link/Amplicon_barcode_analysis/HepG2_dual_rep_GALNAC_bcwithqc/QC_filtered/U_L1_1.fastq.gz
    output: /scratch/link/Amplicon_barcode_analysis/HepG2_dual_rep_GALNAC_bcwithqc/bcwithqc_symlinks/U_L1_1/U_L1_1.fastq.gz
    jobid: 57
    reason: Missing output files: /scratch/link/Amplicon_barcode_analysis/HepG2_dual_rep_GALNAC_bcwithqc/bcwithqc_symlinks/U_L1_1/U_L1_1.fastq.gz; Input files updated by another job: /scratch/link/Amplicon_barcode_analysis/HepG2_dual_rep_GALNAC_bcwithqc/QC_filtered/U_L1_1.fastq.gz
    wildcards: sample=U_L1_1
    resources: mem_mb=4000, mem_mib=3815, disk_mb=1000, disk_mib=954, tmpdir=<TBD>, runtime=10, slurm_account=lsteinme


        mkdir -p "$(dirname /scratch/link/Amplicon_barcode_analysis/HepG2_dual_rep_GALNAC_bcwithqc/bcwithqc_symlinks/U_L1_1/U_L1_1.fastq.gz)"
        ln -sf "$(realpath "/scratch/link/Amplicon_barcode_analysis/HepG2_dual_rep_GALNAC_bcwithqc/QC_filtered/U_L1_1.fastq.gz")" "/scratch/link/Amplicon_barcode_analysis/HepG2_dual_rep_GALNAC_bcwithqc/bcwithqc_symlinks/U_L1_1/U_L1_1.fastq.gz"
        
Job 57 has been submitted with SLURM jobid 57769973 (log: /home/link/Amplicon_barcode_analysis/Lukas_Pipeline/binned_PCR_amplicon_UMI_analysis/.snakemake/slurm_logs/rule_prepare_bcwithqc_input/U_L1_1/57769973.log).

[Mon Jun 29 18:20:19 2026]
rule QC_filter_shell:
    input: /scratch/link/Amplicon_barcode_analysis/HepG2_dual_rep_GALNAC_bcwithqc/fastq_symlinks/L_L2_2.fastq.gz, /scratch/link/Amplicon_barcode_analysis/HepG2_dual_rep_GALNAC_bcwithqc/.pipeline_state/QC_filtering_params.sh, /scratch/link/Amplicon_barcode_analysis/HepG2_dual_rep_GALNAC_bcwithqc/.pipeline_state/01_setup.done
    output: /scratch/link/Amplicon_barcode_analysis/HepG2_dual_rep_GALNAC_bcwithqc/QC_filtered/L_L2_2.fastq.gz
    jobid: 43
    reason: Missing output files: /scratch/link/Amplicon_barcode_analysis/HepG2_dual_rep_GALNAC_bcwithqc/QC_filtered/L_L2_2.fastq.gz; Input files updated by another job: /scratch/link/Amplicon_barcode_analysis/HepG2_dual_rep_GALNAC_bcwithqc/.pipeline_state/QC_filtering_params.sh
    wildcards: sample=L_L2_2
    resources: mem_mb=16000, mem_mib=15259, disk_mb=1000, disk_mib=954, tmpdir=<TBD>, runtime=60, slurm_account=lsteinme


        source /scratch/link/Amplicon_barcode_analysis/HepG2_dual_rep_GALNAC_bcwithqc/.pipeline_state/QC_filtering_params.sh

        if [[ "$QC_FILTERING_RUN" == "true" ]]; then
          bash shell/QC_filtering_snake.sh \
            --input-fastq /scratch/link/Amplicon_barcode_analysis/HepG2_dual_rep_GALNAC_bcwithqc/fastq_symlinks/L_L2_2.fastq.gz \
            --output-fastq /scratch/link/Amplicon_barcode_analysis/HepG2_dual_rep_GALNAC_bcwithqc/QC_filtered/L_L2_2.fastq.gz \
            --min-qual "$QC_MIN_QUAL" \
            --qual-offset "$QC_QUAL_OFFSET" \
            --min-length "$QC_MIN_LENGTH" \
            --use-modules "$USE_MODULES" \
            --seqtk-module "$SEQTK_MODULE"
        else
          mkdir -p "$(dirname "/scratch/link/Amplicon_barcode_analysis/HepG2_dual_rep_GALNAC_bcwithqc/QC_filtered/L_L2_2.fastq.gz")"

          if [[ "/scratch/link/Amplicon_barcode_analysis/HepG2_dual_rep_GALNAC_bcwithqc/fastq_symlinks/L_L2_2.fastq.gz" == *.gz ]]; then
            ln -sf "/scratch/link/Amplicon_barcode_analysis/HepG2_dual_rep_GALNAC_bcwithqc/fastq_symlinks/L_L2_2.fastq.gz" "/scratch/link/Amplicon_barcode_analysis/HepG2_dual_rep_GALNAC_bcwithqc/QC_filtered/L_L2_2.fastq.gz"
          else
            gzip -c "/scratch/link/Amplicon_barcode_analysis/HepG2_dual_rep_GALNAC_bcwithqc/fastq_symlinks/L_L2_2.fastq.gz" > "/scratch/link/Amplicon_barcode_analysis/HepG2_dual_rep_GALNAC_bcwithqc/QC_filtered/L_L2_2.fastq.gz"
          fi
        fi
        
Job 43 has been submitted with SLURM jobid 57769977 (log: /home/link/Amplicon_barcode_analysis/Lukas_Pipeline/binned_PCR_amplicon_UMI_analysis/.snakemake/slurm_logs/rule_QC_filter_shell/L_L2_2/57769977.log).
Select jobs to execute...
[Mon Jun 29 18:21:13 2026]
Finished job 69.
31 of 77 steps (40%) done
[Mon Jun 29 18:21:13 2026]
Finished job 12.
32 of 77 steps (42%) done
[Mon Jun 29 18:21:13 2026]
Finished job 8.
33 of 77 steps (43%) done
[Mon Jun 29 18:21:13 2026]
Finished job 36.
34 of 77 steps (44%) done
[Mon Jun 29 18:21:13 2026]
Finished job 45.
35 of 77 steps (45%) done
[Mon Jun 29 18:21:13 2026]
Finished job 21.
36 of 77 steps (47%) done
[Mon Jun 29 18:21:13 2026]
Finished job 66.
37 of 77 steps (48%) done
[Mon Jun 29 18:21:13 2026]
Finished job 51.
38 of 77 steps (49%) done
[Mon Jun 29 18:21:13 2026]
Finished job 33.
39 of 77 steps (51%) done
[Mon Jun 29 18:21:13 2026]
Finished job 64.
40 of 77 steps (52%) done
[Mon Jun 29 18:21:13 2026]
Finished job 39.
41 of 77 steps (53%) done
[Mon Jun 29 18:21:13 2026]
Finished job 57.
42 of 77 steps (55%) done
[Mon Jun 29 18:21:13 2026]
Finished job 43.
43 of 77 steps (56%) done
Execute 13 jobs...

[Mon Jun 29 18:21:13 2026]
rule bcwithqc_one_sample:
    input: /scratch/link/Amplicon_barcode_analysis/HepG2_dual_rep_GALNAC_bcwithqc/bcwithqc_symlinks/L_L1_2/L_L1_2.fastq.gz
    output: /scratch/link/Amplicon_barcode_analysis/HepG2_dual_rep_GALNAC_bcwithqc/.pipeline_state/bcwithqc_done/L_L1_2.done
    jobid: 35
    reason: Missing output files: /scratch/link/Amplicon_barcode_analysis/HepG2_dual_rep_GALNAC_bcwithqc/.pipeline_state/bcwithqc_done/L_L1_2.done; Input files updated by another job: /scratch/link/Amplicon_barcode_analysis/HepG2_dual_rep_GALNAC_bcwithqc/bcwithqc_symlinks/L_L1_2/L_L1_2.fastq.gz
    wildcards: sample=L_L1_2
    threads: 2
    resources: mem_mb=40000, mem_mib=38147, disk_mb=1000, disk_mib=954, tmpdir=<TBD>, runtime=2400, slurm_account=lsteinme


        unset PYTHONPATH
        unset PYTHONHOME
        export PYTHONNOUSERSITE=1

        rm -rf "/scratch/link/Amplicon_barcode_analysis/HepG2_dual_rep_GALNAC_bcwithqc/bcwithqc_output/L_L1_2"
        mkdir -p "/scratch/link/Amplicon_barcode_analysis/HepG2_dual_rep_GALNAC_bcwithqc/bcwithqc_output/L_L1_2"

        "/home/link/.conda/envs/py313/bin/bcwithqc" preprocess \
          "/scratch/link/Amplicon_barcode_analysis/HepG2_dual_rep_GALNAC_bcwithqc/bcwithqc_symlinks/L_L1_2" \
          --config="/g/steinmetz/link/Amplicon_barcode_analysis/library/bcwithqc_config_whole_genome_sublibs_1_to_4.json" \
          --output-dir="/scratch/link/Amplicon_barcode_analysis/HepG2_dual_rep_GALNAC_bcwithqc/bcwithqc_output/L_L1_2" \
          --threads="2" \
          --output-format-bam \
          -vv

        "/home/link/.conda/envs/py313/bin/bcwithqc" count \
          "/scratch/link/Amplicon_barcode_analysis/HepG2_dual_rep_GALNAC_bcwithqc/bcwithqc_output/L_L1_2" \
          --STAR-output-dir="/scratch/link/Amplicon_barcode_analysis/HepG2_dual_rep_GALNAC_bcwithqc/bcwithqc_output/L_L1_2" \
          --config="/g/steinmetz/link/Amplicon_barcode_analysis/library/bcwithqc_config_whole_genome_sublibs_1_to_4.json" \
          --output-dir="/scratch/link/Amplicon_barcode_analysis/HepG2_dual_rep_GALNAC_bcwithqc/bcwithqc_output/L_L1_2" \
          --threads="2" \
          -vv
          
        mkdir -p "$(dirname "/scratch/link/Amplicon_barcode_analysis/HepG2_dual_rep_GALNAC_bcwithqc/.pipeline_state/bcwithqc_done/L_L1_2.done")"
        touch "/scratch/link/Amplicon_barcode_analysis/HepG2_dual_rep_GALNAC_bcwithqc/.pipeline_state/bcwithqc_done/L_L1_2.done"
        
Job 35 has been submitted with SLURM jobid 57770098 (log: /home/link/Amplicon_barcode_analysis/Lukas_Pipeline/binned_PCR_amplicon_UMI_analysis/.snakemake/slurm_logs/rule_bcwithqc_one_sample/L_L1_2/57770098.log).

[Mon Jun 29 18:21:14 2026]
rule bcwithqc_one_sample:
    input: /scratch/link/Amplicon_barcode_analysis/HepG2_dual_rep_GALNAC_bcwithqc/bcwithqc_symlinks/U_L3_1/U_L3_1.fastq.gz
    output: /scratch/link/Amplicon_barcode_analysis/HepG2_dual_rep_GALNAC_bcwithqc/.pipeline_state/bcwithqc_done/U_L3_1.done
    jobid: 68
    reason: Missing output files: /scratch/link/Amplicon_barcode_analysis/HepG2_dual_rep_GALNAC_bcwithqc/.pipeline_state/bcwithqc_done/U_L3_1.done; Input files updated by another job: /scratch/link/Amplicon_barcode_analysis/HepG2_dual_rep_GALNAC_bcwithqc/bcwithqc_symlinks/U_L3_1/U_L3_1.fastq.gz
    wildcards: sample=U_L3_1
    threads: 2
    resources: mem_mb=40000, mem_mib=38147, disk_mb=1328, disk_mib=1267, tmpdir=<TBD>, runtime=2400, slurm_account=lsteinme


        unset PYTHONPATH
        unset PYTHONHOME
        export PYTHONNOUSERSITE=1

        rm -rf "/scratch/link/Amplicon_barcode_analysis/HepG2_dual_rep_GALNAC_bcwithqc/bcwithqc_output/U_L3_1"
        mkdir -p "/scratch/link/Amplicon_barcode_analysis/HepG2_dual_rep_GALNAC_bcwithqc/bcwithqc_output/U_L3_1"

        "/home/link/.conda/envs/py313/bin/bcwithqc" preprocess \
          "/scratch/link/Amplicon_barcode_analysis/HepG2_dual_rep_GALNAC_bcwithqc/bcwithqc_symlinks/U_L3_1" \
          --config="/g/steinmetz/link/Amplicon_barcode_analysis/library/bcwithqc_config_whole_genome_sublibs_1_to_4.json" \
          --output-dir="/scratch/link/Amplicon_barcode_analysis/HepG2_dual_rep_GALNAC_bcwithqc/bcwithqc_output/U_L3_1" \
          --threads="2" \
          --output-format-bam \
          -vv

        "/home/link/.conda/envs/py313/bin/bcwithqc" count \
          "/scratch/link/Amplicon_barcode_analysis/HepG2_dual_rep_GALNAC_bcwithqc/bcwithqc_output/U_L3_1" \
          --STAR-output-dir="/scratch/link/Amplicon_barcode_analysis/HepG2_dual_rep_GALNAC_bcwithqc/bcwithqc_output/U_L3_1" \
          --config="/g/steinmetz/link/Amplicon_barcode_analysis/library/bcwithqc_config_whole_genome_sublibs_1_to_4.json" \
          --output-dir="/scratch/link/Amplicon_barcode_analysis/HepG2_dual_rep_GALNAC_bcwithqc/bcwithqc_output/U_L3_1" \
          --threads="2" \
          -vv
          
        mkdir -p "$(dirname "/scratch/link/Amplicon_barcode_analysis/HepG2_dual_rep_GALNAC_bcwithqc/.pipeline_state/bcwithqc_done/U_L3_1.done")"
        touch "/scratch/link/Amplicon_barcode_analysis/HepG2_dual_rep_GALNAC_bcwithqc/.pipeline_state/bcwithqc_done/U_L3_1.done"
        
Job 68 has been submitted with SLURM jobid 57770100 (log: /home/link/Amplicon_barcode_analysis/Lukas_Pipeline/binned_PCR_amplicon_UMI_analysis/.snakemake/slurm_logs/rule_bcwithqc_one_sample/U_L3_1/57770100.log).

[Mon Jun 29 18:21:15 2026]
rule bcwithqc_one_sample:
    input: /scratch/link/Amplicon_barcode_analysis/HepG2_dual_rep_GALNAC_bcwithqc/bcwithqc_symlinks/I_L1_2/I_L1_2.fastq.gz
    output: /scratch/link/Amplicon_barcode_analysis/HepG2_dual_rep_GALNAC_bcwithqc/.pipeline_state/bcwithqc_done/I_L1_2.done
    jobid: 11
    reason: Missing output files: /scratch/link/Amplicon_barcode_analysis/HepG2_dual_rep_GALNAC_bcwithqc/.pipeline_state/bcwithqc_done/I_L1_2.done; Input files updated by another job: /scratch/link/Amplicon_barcode_analysis/HepG2_dual_rep_GALNAC_bcwithqc/bcwithqc_symlinks/I_L1_2/I_L1_2.fastq.gz
    wildcards: sample=I_L1_2
    threads: 2
    resources: mem_mb=40000, mem_mib=38147, disk_mb=1000, disk_mib=954, tmpdir=<TBD>, runtime=2400, slurm_account=lsteinme


        unset PYTHONPATH
        unset PYTHONHOME
        export PYTHONNOUSERSITE=1

        rm -rf "/scratch/link/Amplicon_barcode_analysis/HepG2_dual_rep_GALNAC_bcwithqc/bcwithqc_output/I_L1_2"
        mkdir -p "/scratch/link/Amplicon_barcode_analysis/HepG2_dual_rep_GALNAC_bcwithqc/bcwithqc_output/I_L1_2"

        "/home/link/.conda/envs/py313/bin/bcwithqc" preprocess \
          "/scratch/link/Amplicon_barcode_analysis/HepG2_dual_rep_GALNAC_bcwithqc/bcwithqc_symlinks/I_L1_2" \
          --config="/g/steinmetz/link/Amplicon_barcode_analysis/library/bcwithqc_config_whole_genome_sublibs_1_to_4.json" \
          --output-dir="/scratch/link/Amplicon_barcode_analysis/HepG2_dual_rep_GALNAC_bcwithqc/bcwithqc_output/I_L1_2" \
          --threads="2" \
          --output-format-bam \
          -vv

        "/home/link/.conda/envs/py313/bin/bcwithqc" count \
          "/scratch/link/Amplicon_barcode_analysis/HepG2_dual_rep_GALNAC_bcwithqc/bcwithqc_output/I_L1_2" \
          --STAR-output-dir="/scratch/link/Amplicon_barcode_analysis/HepG2_dual_rep_GALNAC_bcwithqc/bcwithqc_output/I_L1_2" \
          --config="/g/steinmetz/link/Amplicon_barcode_analysis/library/bcwithqc_config_whole_genome_sublibs_1_to_4.json" \
          --output-dir="/scratch/link/Amplicon_barcode_analysis/HepG2_dual_rep_GALNAC_bcwithqc/bcwithqc_output/I_L1_2" \
          --threads="2" \
          -vv
          
        mkdir -p "$(dirname "/scratch/link/Amplicon_barcode_analysis/HepG2_dual_rep_GALNAC_bcwithqc/.pipeline_state/bcwithqc_done/I_L1_2.done")"
        touch "/scratch/link/Amplicon_barcode_analysis/HepG2_dual_rep_GALNAC_bcwithqc/.pipeline_state/bcwithqc_done/I_L1_2.done"
        
Job 11 has been submitted with SLURM jobid 57770103 (log: /home/link/Amplicon_barcode_analysis/Lukas_Pipeline/binned_PCR_amplicon_UMI_analysis/.snakemake/slurm_logs/rule_bcwithqc_one_sample/I_L1_2/57770103.log).

[Mon Jun 29 18:21:15 2026]
rule bcwithqc_one_sample:
    input: /scratch/link/Amplicon_barcode_analysis/HepG2_dual_rep_GALNAC_bcwithqc/bcwithqc_symlinks/L_L3_1/L_L3_1.fastq.gz
    output: /scratch/link/Amplicon_barcode_analysis/HepG2_dual_rep_GALNAC_bcwithqc/.pipeline_state/bcwithqc_done/L_L3_1.done
    jobid: 44
    reason: Missing output files: /scratch/link/Amplicon_barcode_analysis/HepG2_dual_rep_GALNAC_bcwithqc/.pipeline_state/bcwithqc_done/L_L3_1.done; Input files updated by another job: /scratch/link/Amplicon_barcode_analysis/HepG2_dual_rep_GALNAC_bcwithqc/bcwithqc_symlinks/L_L3_1/L_L3_1.fastq.gz
    wildcards: sample=L_L3_1
    threads: 2
    resources: mem_mb=40000, mem_mib=38147, disk_mb=1284, disk_mib=1225, tmpdir=<TBD>, runtime=2400, slurm_account=lsteinme


        unset PYTHONPATH
        unset PYTHONHOME
        export PYTHONNOUSERSITE=1

        rm -rf "/scratch/link/Amplicon_barcode_analysis/HepG2_dual_rep_GALNAC_bcwithqc/bcwithqc_output/L_L3_1"
        mkdir -p "/scratch/link/Amplicon_barcode_analysis/HepG2_dual_rep_GALNAC_bcwithqc/bcwithqc_output/L_L3_1"

        "/home/link/.conda/envs/py313/bin/bcwithqc" preprocess \
          "/scratch/link/Amplicon_barcode_analysis/HepG2_dual_rep_GALNAC_bcwithqc/bcwithqc_symlinks/L_L3_1" \
          --config="/g/steinmetz/link/Amplicon_barcode_analysis/library/bcwithqc_config_whole_genome_sublibs_1_to_4.json" \
          --output-dir="/scratch/link/Amplicon_barcode_analysis/HepG2_dual_rep_GALNAC_bcwithqc/bcwithqc_output/L_L3_1" \
          --threads="2" \
          --output-format-bam \
          -vv

        "/home/link/.conda/envs/py313/bin/bcwithqc" count \
          "/scratch/link/Amplicon_barcode_analysis/HepG2_dual_rep_GALNAC_bcwithqc/bcwithqc_output/L_L3_1" \
          --STAR-output-dir="/scratch/link/Amplicon_barcode_analysis/HepG2_dual_rep_GALNAC_bcwithqc/bcwithqc_output/L_L3_1" \
          --config="/g/steinmetz/link/Amplicon_barcode_analysis/library/bcwithqc_config_whole_genome_sublibs_1_to_4.json" \
          --output-dir="/scratch/link/Amplicon_barcode_analysis/HepG2_dual_rep_GALNAC_bcwithqc/bcwithqc_output/L_L3_1" \
          --threads="2" \
          -vv
          
        mkdir -p "$(dirname "/scratch/link/Amplicon_barcode_analysis/HepG2_dual_rep_GALNAC_bcwithqc/.pipeline_state/bcwithqc_done/L_L3_1.done")"
        touch "/scratch/link/Amplicon_barcode_analysis/HepG2_dual_rep_GALNAC_bcwithqc/.pipeline_state/bcwithqc_done/L_L3_1.done"
        
Job 44 has been submitted with SLURM jobid 57770106 (log: /home/link/Amplicon_barcode_analysis/Lukas_Pipeline/binned_PCR_amplicon_UMI_analysis/.snakemake/slurm_logs/rule_bcwithqc_one_sample/L_L3_1/57770106.log).

[Mon Jun 29 18:21:16 2026]
rule bcwithqc_one_sample:
    input: /scratch/link/Amplicon_barcode_analysis/HepG2_dual_rep_GALNAC_bcwithqc/bcwithqc_symlinks/U_L1_1/U_L1_1.fastq.gz
    output: /scratch/link/Amplicon_barcode_analysis/HepG2_dual_rep_GALNAC_bcwithqc/.pipeline_state/bcwithqc_done/U_L1_1.done
    jobid: 56
    reason: Missing output files: /scratch/link/Amplicon_barcode_analysis/HepG2_dual_rep_GALNAC_bcwithqc/.pipeline_state/bcwithqc_done/U_L1_1.done; Input files updated by another job: /scratch/link/Amplicon_barcode_analysis/HepG2_dual_rep_GALNAC_bcwithqc/bcwithqc_symlinks/U_L1_1/U_L1_1.fastq.gz
    wildcards: sample=U_L1_1
    threads: 2
    resources: mem_mb=40000, mem_mib=38147, disk_mb=1000, disk_mib=954, tmpdir=<TBD>, runtime=2400, slurm_account=lsteinme


        unset PYTHONPATH
        unset PYTHONHOME
        export PYTHONNOUSERSITE=1

        rm -rf "/scratch/link/Amplicon_barcode_analysis/HepG2_dual_rep_GALNAC_bcwithqc/bcwithqc_output/U_L1_1"
        mkdir -p "/scratch/link/Amplicon_barcode_analysis/HepG2_dual_rep_GALNAC_bcwithqc/bcwithqc_output/U_L1_1"

        "/home/link/.conda/envs/py313/bin/bcwithqc" preprocess \
          "/scratch/link/Amplicon_barcode_analysis/HepG2_dual_rep_GALNAC_bcwithqc/bcwithqc_symlinks/U_L1_1" \
          --config="/g/steinmetz/link/Amplicon_barcode_analysis/library/bcwithqc_config_whole_genome_sublibs_1_to_4.json" \
          --output-dir="/scratch/link/Amplicon_barcode_analysis/HepG2_dual_rep_GALNAC_bcwithqc/bcwithqc_output/U_L1_1" \
          --threads="2" \
          --output-format-bam \
          -vv

        "/home/link/.conda/envs/py313/bin/bcwithqc" count \
          "/scratch/link/Amplicon_barcode_analysis/HepG2_dual_rep_GALNAC_bcwithqc/bcwithqc_output/U_L1_1" \
          --STAR-output-dir="/scratch/link/Amplicon_barcode_analysis/HepG2_dual_rep_GALNAC_bcwithqc/bcwithqc_output/U_L1_1" \
          --config="/g/steinmetz/link/Amplicon_barcode_analysis/library/bcwithqc_config_whole_genome_sublibs_1_to_4.json" \
          --output-dir="/scratch/link/Amplicon_barcode_analysis/HepG2_dual_rep_GALNAC_bcwithqc/bcwithqc_output/U_L1_1" \
          --threads="2" \
          -vv
          
        mkdir -p "$(dirname "/scratch/link/Amplicon_barcode_analysis/HepG2_dual_rep_GALNAC_bcwithqc/.pipeline_state/bcwithqc_done/U_L1_1.done")"
        touch "/scratch/link/Amplicon_barcode_analysis/HepG2_dual_rep_GALNAC_bcwithqc/.pipeline_state/bcwithqc_done/U_L1_1.done"
        
Job 56 has been submitted with SLURM jobid 57770108 (log: /home/link/Amplicon_barcode_analysis/Lukas_Pipeline/binned_PCR_amplicon_UMI_analysis/.snakemake/slurm_logs/rule_bcwithqc_one_sample/U_L1_1/57770108.log).

[Mon Jun 29 18:21:16 2026]
rule prepare_bcwithqc_input:
    input: /scratch/link/Amplicon_barcode_analysis/HepG2_dual_rep_GALNAC_bcwithqc/QC_filtered/I_L2_1.fastq.gz
    output: /scratch/link/Amplicon_barcode_analysis/HepG2_dual_rep_GALNAC_bcwithqc/bcwithqc_symlinks/I_L2_1/I_L2_1.fastq.gz
    jobid: 15
    reason: Missing output files: /scratch/link/Amplicon_barcode_analysis/HepG2_dual_rep_GALNAC_bcwithqc/bcwithqc_symlinks/I_L2_1/I_L2_1.fastq.gz; Input files updated by another job: /scratch/link/Amplicon_barcode_analysis/HepG2_dual_rep_GALNAC_bcwithqc/QC_filtered/I_L2_1.fastq.gz
    wildcards: sample=I_L2_1
    resources: mem_mb=4000, mem_mib=3815, disk_mb=1000, disk_mib=954, tmpdir=<TBD>, runtime=10, slurm_account=lsteinme


        mkdir -p "$(dirname /scratch/link/Amplicon_barcode_analysis/HepG2_dual_rep_GALNAC_bcwithqc/bcwithqc_symlinks/I_L2_1/I_L2_1.fastq.gz)"
        ln -sf "$(realpath "/scratch/link/Amplicon_barcode_analysis/HepG2_dual_rep_GALNAC_bcwithqc/QC_filtered/I_L2_1.fastq.gz")" "/scratch/link/Amplicon_barcode_analysis/HepG2_dual_rep_GALNAC_bcwithqc/bcwithqc_symlinks/I_L2_1/I_L2_1.fastq.gz"
        
Job 15 has been submitted with SLURM jobid 57770110 (log: /home/link/Amplicon_barcode_analysis/Lukas_Pipeline/binned_PCR_amplicon_UMI_analysis/.snakemake/slurm_logs/rule_prepare_bcwithqc_input/I_L2_1/57770110.log).

[Mon Jun 29 18:21:16 2026]
rule prepare_bcwithqc_input:
    input: /scratch/link/Amplicon_barcode_analysis/HepG2_dual_rep_GALNAC_bcwithqc/QC_filtered/U_L1_2.fastq.gz
    output: /scratch/link/Amplicon_barcode_analysis/HepG2_dual_rep_GALNAC_bcwithqc/bcwithqc_symlinks/U_L1_2/U_L1_2.fastq.gz
    jobid: 60
    reason: Missing output files: /scratch/link/Amplicon_barcode_analysis/HepG2_dual_rep_GALNAC_bcwithqc/bcwithqc_symlinks/U_L1_2/U_L1_2.fastq.gz; Input files updated by another job: /scratch/link/Amplicon_barcode_analysis/HepG2_dual_rep_GALNAC_bcwithqc/QC_filtered/U_L1_2.fastq.gz
    wildcards: sample=U_L1_2
    resources: mem_mb=4000, mem_mib=3815, disk_mb=1000, disk_mib=954, tmpdir=<TBD>, runtime=10, slurm_account=lsteinme


        mkdir -p "$(dirname /scratch/link/Amplicon_barcode_analysis/HepG2_dual_rep_GALNAC_bcwithqc/bcwithqc_symlinks/U_L1_2/U_L1_2.fastq.gz)"
        ln -sf "$(realpath "/scratch/link/Amplicon_barcode_analysis/HepG2_dual_rep_GALNAC_bcwithqc/QC_filtered/U_L1_2.fastq.gz")" "/scratch/link/Amplicon_barcode_analysis/HepG2_dual_rep_GALNAC_bcwithqc/bcwithqc_symlinks/U_L1_2/U_L1_2.fastq.gz"
        
Job 60 has been submitted with SLURM jobid 57770112 (log: /home/link/Amplicon_barcode_analysis/Lukas_Pipeline/binned_PCR_amplicon_UMI_analysis/.snakemake/slurm_logs/rule_prepare_bcwithqc_input/U_L1_2/57770112.log).

[Mon Jun 29 18:21:17 2026]
rule bcwithqc_one_sample:
    input: /scratch/link/Amplicon_barcode_analysis/HepG2_dual_rep_GALNAC_bcwithqc/bcwithqc_symlinks/I_L3_1/I_L3_1.fastq.gz
    output: /scratch/link/Amplicon_barcode_analysis/HepG2_dual_rep_GALNAC_bcwithqc/.pipeline_state/bcwithqc_done/I_L3_1.done
    jobid: 20
    reason: Missing output files: /scratch/link/Amplicon_barcode_analysis/HepG2_dual_rep_GALNAC_bcwithqc/.pipeline_state/bcwithqc_done/I_L3_1.done; Input files updated by another job: /scratch/link/Amplicon_barcode_analysis/HepG2_dual_rep_GALNAC_bcwithqc/bcwithqc_symlinks/I_L3_1/I_L3_1.fastq.gz
    wildcards: sample=I_L3_1
    threads: 2
    resources: mem_mb=40000, mem_mib=38147, disk_mb=1172, disk_mib=1118, tmpdir=<TBD>, runtime=2400, slurm_account=lsteinme


        unset PYTHONPATH
        unset PYTHONHOME
        export PYTHONNOUSERSITE=1

        rm -rf "/scratch/link/Amplicon_barcode_analysis/HepG2_dual_rep_GALNAC_bcwithqc/bcwithqc_output/I_L3_1"
        mkdir -p "/scratch/link/Amplicon_barcode_analysis/HepG2_dual_rep_GALNAC_bcwithqc/bcwithqc_output/I_L3_1"

        "/home/link/.conda/envs/py313/bin/bcwithqc" preprocess \
          "/scratch/link/Amplicon_barcode_analysis/HepG2_dual_rep_GALNAC_bcwithqc/bcwithqc_symlinks/I_L3_1" \
          --config="/g/steinmetz/link/Amplicon_barcode_analysis/library/bcwithqc_config_whole_genome_sublibs_1_to_4.json" \
          --output-dir="/scratch/link/Amplicon_barcode_analysis/HepG2_dual_rep_GALNAC_bcwithqc/bcwithqc_output/I_L3_1" \
          --threads="2" \
          --output-format-bam \
          -vv

        "/home/link/.conda/envs/py313/bin/bcwithqc" count \
          "/scratch/link/Amplicon_barcode_analysis/HepG2_dual_rep_GALNAC_bcwithqc/bcwithqc_output/I_L3_1" \
          --STAR-output-dir="/scratch/link/Amplicon_barcode_analysis/HepG2_dual_rep_GALNAC_bcwithqc/bcwithqc_output/I_L3_1" \
          --config="/g/steinmetz/link/Amplicon_barcode_analysis/library/bcwithqc_config_whole_genome_sublibs_1_to_4.json" \
          --output-dir="/scratch/link/Amplicon_barcode_analysis/HepG2_dual_rep_GALNAC_bcwithqc/bcwithqc_output/I_L3_1" \
          --threads="2" \
          -vv
          
        mkdir -p "$(dirname "/scratch/link/Amplicon_barcode_analysis/HepG2_dual_rep_GALNAC_bcwithqc/.pipeline_state/bcwithqc_done/I_L3_1.done")"
        touch "/scratch/link/Amplicon_barcode_analysis/HepG2_dual_rep_GALNAC_bcwithqc/.pipeline_state/bcwithqc_done/I_L3_1.done"
        
Job 20 has been submitted with SLURM jobid 57770113 (log: /home/link/Amplicon_barcode_analysis/Lukas_Pipeline/binned_PCR_amplicon_UMI_analysis/.snakemake/slurm_logs/rule_bcwithqc_one_sample/I_L3_1/57770113.log).

[Mon Jun 29 18:21:17 2026]
rule bcwithqc_one_sample:
    input: /scratch/link/Amplicon_barcode_analysis/HepG2_dual_rep_GALNAC_bcwithqc/bcwithqc_symlinks/U_L2_2/U_L2_2.fastq.gz
    output: /scratch/link/Amplicon_barcode_analysis/HepG2_dual_rep_GALNAC_bcwithqc/.pipeline_state/bcwithqc_done/U_L2_2.done
    jobid: 65
    reason: Missing output files: /scratch/link/Amplicon_barcode_analysis/HepG2_dual_rep_GALNAC_bcwithqc/.pipeline_state/bcwithqc_done/U_L2_2.done; Input files updated by another job: /scratch/link/Amplicon_barcode_analysis/HepG2_dual_rep_GALNAC_bcwithqc/bcwithqc_symlinks/U_L2_2/U_L2_2.fastq.gz
    wildcards: sample=U_L2_2
    threads: 2
    resources: mem_mb=40000, mem_mib=38147, disk_mb=1000, disk_mib=954, tmpdir=<TBD>, runtime=2400, slurm_account=lsteinme


        unset PYTHONPATH
        unset PYTHONHOME
        export PYTHONNOUSERSITE=1

        rm -rf "/scratch/link/Amplicon_barcode_analysis/HepG2_dual_rep_GALNAC_bcwithqc/bcwithqc_output/U_L2_2"
        mkdir -p "/scratch/link/Amplicon_barcode_analysis/HepG2_dual_rep_GALNAC_bcwithqc/bcwithqc_output/U_L2_2"

        "/home/link/.conda/envs/py313/bin/bcwithqc" preprocess \
          "/scratch/link/Amplicon_barcode_analysis/HepG2_dual_rep_GALNAC_bcwithqc/bcwithqc_symlinks/U_L2_2" \
          --config="/g/steinmetz/link/Amplicon_barcode_analysis/library/bcwithqc_config_whole_genome_sublibs_1_to_4.json" \
          --output-dir="/scratch/link/Amplicon_barcode_analysis/HepG2_dual_rep_GALNAC_bcwithqc/bcwithqc_output/U_L2_2" \
          --threads="2" \
          --output-format-bam \
          -vv

        "/home/link/.conda/envs/py313/bin/bcwithqc" count \
          "/scratch/link/Amplicon_barcode_analysis/HepG2_dual_rep_GALNAC_bcwithqc/bcwithqc_output/U_L2_2" \
          --STAR-output-dir="/scratch/link/Amplicon_barcode_analysis/HepG2_dual_rep_GALNAC_bcwithqc/bcwithqc_output/U_L2_2" \
          --config="/g/steinmetz/link/Amplicon_barcode_analysis/library/bcwithqc_config_whole_genome_sublibs_1_to_4.json" \
          --output-dir="/scratch/link/Amplicon_barcode_analysis/HepG2_dual_rep_GALNAC_bcwithqc/bcwithqc_output/U_L2_2" \
          --threads="2" \
          -vv
          
        mkdir -p "$(dirname "/scratch/link/Amplicon_barcode_analysis/HepG2_dual_rep_GALNAC_bcwithqc/.pipeline_state/bcwithqc_done/U_L2_2.done")"
        touch "/scratch/link/Amplicon_barcode_analysis/HepG2_dual_rep_GALNAC_bcwithqc/.pipeline_state/bcwithqc_done/U_L2_2.done"
        
Job 65 has been submitted with SLURM jobid 57770114 (log: /home/link/Amplicon_barcode_analysis/Lukas_Pipeline/binned_PCR_amplicon_UMI_analysis/.snakemake/slurm_logs/rule_bcwithqc_one_sample/U_L2_2/57770114.log).

[Mon Jun 29 18:21:17 2026]
rule bcwithqc_one_sample:
    input: /scratch/link/Amplicon_barcode_analysis/HepG2_dual_rep_GALNAC_bcwithqc/bcwithqc_symlinks/I_L1_1/I_L1_1.fastq.gz
    output: /scratch/link/Amplicon_barcode_analysis/HepG2_dual_rep_GALNAC_bcwithqc/.pipeline_state/bcwithqc_done/I_L1_1.done
    jobid: 7
    reason: Missing output files: /scratch/link/Amplicon_barcode_analysis/HepG2_dual_rep_GALNAC_bcwithqc/.pipeline_state/bcwithqc_done/I_L1_1.done; Input files updated by another job: /scratch/link/Amplicon_barcode_analysis/HepG2_dual_rep_GALNAC_bcwithqc/bcwithqc_symlinks/I_L1_1/I_L1_1.fastq.gz
    wildcards: sample=I_L1_1
    threads: 2
    resources: mem_mb=40000, mem_mib=38147, disk_mb=1000, disk_mib=954, tmpdir=<TBD>, runtime=2400, slurm_account=lsteinme


        unset PYTHONPATH
        unset PYTHONHOME
        export PYTHONNOUSERSITE=1

        rm -rf "/scratch/link/Amplicon_barcode_analysis/HepG2_dual_rep_GALNAC_bcwithqc/bcwithqc_output/I_L1_1"
        mkdir -p "/scratch/link/Amplicon_barcode_analysis/HepG2_dual_rep_GALNAC_bcwithqc/bcwithqc_output/I_L1_1"

        "/home/link/.conda/envs/py313/bin/bcwithqc" preprocess \
          "/scratch/link/Amplicon_barcode_analysis/HepG2_dual_rep_GALNAC_bcwithqc/bcwithqc_symlinks/I_L1_1" \
          --config="/g/steinmetz/link/Amplicon_barcode_analysis/library/bcwithqc_config_whole_genome_sublibs_1_to_4.json" \
          --output-dir="/scratch/link/Amplicon_barcode_analysis/HepG2_dual_rep_GALNAC_bcwithqc/bcwithqc_output/I_L1_1" \
          --threads="2" \
          --output-format-bam \
          -vv

        "/home/link/.conda/envs/py313/bin/bcwithqc" count \
          "/scratch/link/Amplicon_barcode_analysis/HepG2_dual_rep_GALNAC_bcwithqc/bcwithqc_output/I_L1_1" \
          --STAR-output-dir="/scratch/link/Amplicon_barcode_analysis/HepG2_dual_rep_GALNAC_bcwithqc/bcwithqc_output/I_L1_1" \
          --config="/g/steinmetz/link/Amplicon_barcode_analysis/library/bcwithqc_config_whole_genome_sublibs_1_to_4.json" \
          --output-dir="/scratch/link/Amplicon_barcode_analysis/HepG2_dual_rep_GALNAC_bcwithqc/bcwithqc_output/I_L1_1" \
          --threads="2" \
          -vv
          
        mkdir -p "$(dirname "/scratch/link/Amplicon_barcode_analysis/HepG2_dual_rep_GALNAC_bcwithqc/.pipeline_state/bcwithqc_done/I_L1_1.done")"
        touch "/scratch/link/Amplicon_barcode_analysis/HepG2_dual_rep_GALNAC_bcwithqc/.pipeline_state/bcwithqc_done/I_L1_1.done"
        
Job 7 has been submitted with SLURM jobid 57770115 (log: /home/link/Amplicon_barcode_analysis/Lukas_Pipeline/binned_PCR_amplicon_UMI_analysis/.snakemake/slurm_logs/rule_bcwithqc_one_sample/I_L1_1/57770115.log).

[Mon Jun 29 18:21:17 2026]
rule bcwithqc_one_sample:
    input: /scratch/link/Amplicon_barcode_analysis/HepG2_dual_rep_GALNAC_bcwithqc/bcwithqc_symlinks/L_L1_1/L_L1_1.fastq.gz
    output: /scratch/link/Amplicon_barcode_analysis/HepG2_dual_rep_GALNAC_bcwithqc/.pipeline_state/bcwithqc_done/L_L1_1.done
    jobid: 32
    reason: Missing output files: /scratch/link/Amplicon_barcode_analysis/HepG2_dual_rep_GALNAC_bcwithqc/.pipeline_state/bcwithqc_done/L_L1_1.done; Input files updated by another job: /scratch/link/Amplicon_barcode_analysis/HepG2_dual_rep_GALNAC_bcwithqc/bcwithqc_symlinks/L_L1_1/L_L1_1.fastq.gz
    wildcards: sample=L_L1_1
    threads: 2
    resources: mem_mb=40000, mem_mib=38147, disk_mb=1000, disk_mib=954, tmpdir=<TBD>, runtime=2400, slurm_account=lsteinme


        unset PYTHONPATH
        unset PYTHONHOME
        export PYTHONNOUSERSITE=1

        rm -rf "/scratch/link/Amplicon_barcode_analysis/HepG2_dual_rep_GALNAC_bcwithqc/bcwithqc_output/L_L1_1"
        mkdir -p "/scratch/link/Amplicon_barcode_analysis/HepG2_dual_rep_GALNAC_bcwithqc/bcwithqc_output/L_L1_1"

        "/home/link/.conda/envs/py313/bin/bcwithqc" preprocess \
          "/scratch/link/Amplicon_barcode_analysis/HepG2_dual_rep_GALNAC_bcwithqc/bcwithqc_symlinks/L_L1_1" \
          --config="/g/steinmetz/link/Amplicon_barcode_analysis/library/bcwithqc_config_whole_genome_sublibs_1_to_4.json" \
          --output-dir="/scratch/link/Amplicon_barcode_analysis/HepG2_dual_rep_GALNAC_bcwithqc/bcwithqc_output/L_L1_1" \
          --threads="2" \
          --output-format-bam \
          -vv

        "/home/link/.conda/envs/py313/bin/bcwithqc" count \
          "/scratch/link/Amplicon_barcode_analysis/HepG2_dual_rep_GALNAC_bcwithqc/bcwithqc_output/L_L1_1" \
          --STAR-output-dir="/scratch/link/Amplicon_barcode_analysis/HepG2_dual_rep_GALNAC_bcwithqc/bcwithqc_output/L_L1_1" \
          --config="/g/steinmetz/link/Amplicon_barcode_analysis/library/bcwithqc_config_whole_genome_sublibs_1_to_4.json" \
          --output-dir="/scratch/link/Amplicon_barcode_analysis/HepG2_dual_rep_GALNAC_bcwithqc/bcwithqc_output/L_L1_1" \
          --threads="2" \
          -vv
          
        mkdir -p "$(dirname "/scratch/link/Amplicon_barcode_analysis/HepG2_dual_rep_GALNAC_bcwithqc/.pipeline_state/bcwithqc_done/L_L1_1.done")"
        touch "/scratch/link/Amplicon_barcode_analysis/HepG2_dual_rep_GALNAC_bcwithqc/.pipeline_state/bcwithqc_done/L_L1_1.done"
        
Job 32 has been submitted with SLURM jobid 57770116 (log: /home/link/Amplicon_barcode_analysis/Lukas_Pipeline/binned_PCR_amplicon_UMI_analysis/.snakemake/slurm_logs/rule_bcwithqc_one_sample/L_L1_1/57770116.log).

[Mon Jun 29 18:21:17 2026]
rule bcwithqc_one_sample:
    input: /scratch/link/Amplicon_barcode_analysis/HepG2_dual_rep_GALNAC_bcwithqc/bcwithqc_symlinks/L_L2_1/L_L2_1.fastq.gz
    output: /scratch/link/Amplicon_barcode_analysis/HepG2_dual_rep_GALNAC_bcwithqc/.pipeline_state/bcwithqc_done/L_L2_1.done
    jobid: 38
    reason: Missing output files: /scratch/link/Amplicon_barcode_analysis/HepG2_dual_rep_GALNAC_bcwithqc/.pipeline_state/bcwithqc_done/L_L2_1.done; Input files updated by another job: /scratch/link/Amplicon_barcode_analysis/HepG2_dual_rep_GALNAC_bcwithqc/bcwithqc_symlinks/L_L2_1/L_L2_1.fastq.gz
    wildcards: sample=L_L2_1
    threads: 2
    resources: mem_mb=40000, mem_mib=38147, disk_mb=1000, disk_mib=954, tmpdir=<TBD>, runtime=2400, slurm_account=lsteinme


        unset PYTHONPATH
        unset PYTHONHOME
        export PYTHONNOUSERSITE=1

        rm -rf "/scratch/link/Amplicon_barcode_analysis/HepG2_dual_rep_GALNAC_bcwithqc/bcwithqc_output/L_L2_1"
        mkdir -p "/scratch/link/Amplicon_barcode_analysis/HepG2_dual_rep_GALNAC_bcwithqc/bcwithqc_output/L_L2_1"

        "/home/link/.conda/envs/py313/bin/bcwithqc" preprocess \
          "/scratch/link/Amplicon_barcode_analysis/HepG2_dual_rep_GALNAC_bcwithqc/bcwithqc_symlinks/L_L2_1" \
          --config="/g/steinmetz/link/Amplicon_barcode_analysis/library/bcwithqc_config_whole_genome_sublibs_1_to_4.json" \
          --output-dir="/scratch/link/Amplicon_barcode_analysis/HepG2_dual_rep_GALNAC_bcwithqc/bcwithqc_output/L_L2_1" \
          --threads="2" \
          --output-format-bam \
          -vv

        "/home/link/.conda/envs/py313/bin/bcwithqc" count \
          "/scratch/link/Amplicon_barcode_analysis/HepG2_dual_rep_GALNAC_bcwithqc/bcwithqc_output/L_L2_1" \
          --STAR-output-dir="/scratch/link/Amplicon_barcode_analysis/HepG2_dual_rep_GALNAC_bcwithqc/bcwithqc_output/L_L2_1" \
          --config="/g/steinmetz/link/Amplicon_barcode_analysis/library/bcwithqc_config_whole_genome_sublibs_1_to_4.json" \
          --output-dir="/scratch/link/Amplicon_barcode_analysis/HepG2_dual_rep_GALNAC_bcwithqc/bcwithqc_output/L_L2_1" \
          --threads="2" \
          -vv
          
        mkdir -p "$(dirname "/scratch/link/Amplicon_barcode_analysis/HepG2_dual_rep_GALNAC_bcwithqc/.pipeline_state/bcwithqc_done/L_L2_1.done")"
        touch "/scratch/link/Amplicon_barcode_analysis/HepG2_dual_rep_GALNAC_bcwithqc/.pipeline_state/bcwithqc_done/L_L2_1.done"
        
Job 38 has been submitted with SLURM jobid 57770117 (log: /home/link/Amplicon_barcode_analysis/Lukas_Pipeline/binned_PCR_amplicon_UMI_analysis/.snakemake/slurm_logs/rule_bcwithqc_one_sample/L_L2_1/57770117.log).

[Mon Jun 29 18:21:17 2026]
rule bcwithqc_one_sample:
    input: /scratch/link/Amplicon_barcode_analysis/HepG2_dual_rep_GALNAC_bcwithqc/bcwithqc_symlinks/L_L4_1/L_L4_1.fastq.gz
    output: /scratch/link/Amplicon_barcode_analysis/HepG2_dual_rep_GALNAC_bcwithqc/.pipeline_state/bcwithqc_done/L_L4_1.done
    jobid: 50
    reason: Missing output files: /scratch/link/Amplicon_barcode_analysis/HepG2_dual_rep_GALNAC_bcwithqc/.pipeline_state/bcwithqc_done/L_L4_1.done; Input files updated by another job: /scratch/link/Amplicon_barcode_analysis/HepG2_dual_rep_GALNAC_bcwithqc/bcwithqc_symlinks/L_L4_1/L_L4_1.fastq.gz
    wildcards: sample=L_L4_1
    threads: 2
    resources: mem_mb=40000, mem_mib=38147, disk_mb=1328, disk_mib=1267, tmpdir=<TBD>, runtime=2400, slurm_account=lsteinme


        unset PYTHONPATH
        unset PYTHONHOME
        export PYTHONNOUSERSITE=1

        rm -rf "/scratch/link/Amplicon_barcode_analysis/HepG2_dual_rep_GALNAC_bcwithqc/bcwithqc_output/L_L4_1"
        mkdir -p "/scratch/link/Amplicon_barcode_analysis/HepG2_dual_rep_GALNAC_bcwithqc/bcwithqc_output/L_L4_1"

        "/home/link/.conda/envs/py313/bin/bcwithqc" preprocess \
          "/scratch/link/Amplicon_barcode_analysis/HepG2_dual_rep_GALNAC_bcwithqc/bcwithqc_symlinks/L_L4_1" \
          --config="/g/steinmetz/link/Amplicon_barcode_analysis/library/bcwithqc_config_whole_genome_sublibs_1_to_4.json" \
          --output-dir="/scratch/link/Amplicon_barcode_analysis/HepG2_dual_rep_GALNAC_bcwithqc/bcwithqc_output/L_L4_1" \
          --threads="2" \
          --output-format-bam \
          -vv

        "/home/link/.conda/envs/py313/bin/bcwithqc" count \
          "/scratch/link/Amplicon_barcode_analysis/HepG2_dual_rep_GALNAC_bcwithqc/bcwithqc_output/L_L4_1" \
          --STAR-output-dir="/scratch/link/Amplicon_barcode_analysis/HepG2_dual_rep_GALNAC_bcwithqc/bcwithqc_output/L_L4_1" \
          --config="/g/steinmetz/link/Amplicon_barcode_analysis/library/bcwithqc_config_whole_genome_sublibs_1_to_4.json" \
          --output-dir="/scratch/link/Amplicon_barcode_analysis/HepG2_dual_rep_GALNAC_bcwithqc/bcwithqc_output/L_L4_1" \
          --threads="2" \
          -vv
          
        mkdir -p "$(dirname "/scratch/link/Amplicon_barcode_analysis/HepG2_dual_rep_GALNAC_bcwithqc/.pipeline_state/bcwithqc_done/L_L4_1.done")"
        touch "/scratch/link/Amplicon_barcode_analysis/HepG2_dual_rep_GALNAC_bcwithqc/.pipeline_state/bcwithqc_done/L_L4_1.done"
        
Job 50 has been submitted with SLURM jobid 57770118 (log: /home/link/Amplicon_barcode_analysis/Lukas_Pipeline/binned_PCR_amplicon_UMI_analysis/.snakemake/slurm_logs/rule_bcwithqc_one_sample/L_L4_1/57770118.log).
Select jobs to execute...
[Mon Jun 29 18:22:13 2026]
Finished job 15.
44 of 77 steps (57%) done
[Mon Jun 29 18:22:13 2026]
Finished job 60.
45 of 77 steps (58%) done
Execute 2 jobs...

[Mon Jun 29 18:22:13 2026]
rule bcwithqc_one_sample:
    input: /scratch/link/Amplicon_barcode_analysis/HepG2_dual_rep_GALNAC_bcwithqc/bcwithqc_symlinks/I_L2_1/I_L2_1.fastq.gz
    output: /scratch/link/Amplicon_barcode_analysis/HepG2_dual_rep_GALNAC_bcwithqc/.pipeline_state/bcwithqc_done/I_L2_1.done
    jobid: 14
    reason: Missing output files: /scratch/link/Amplicon_barcode_analysis/HepG2_dual_rep_GALNAC_bcwithqc/.pipeline_state/bcwithqc_done/I_L2_1.done; Input files updated by another job: /scratch/link/Amplicon_barcode_analysis/HepG2_dual_rep_GALNAC_bcwithqc/bcwithqc_symlinks/I_L2_1/I_L2_1.fastq.gz
    wildcards: sample=I_L2_1
    threads: 2
    resources: mem_mb=40000, mem_mib=38147, disk_mb=1000, disk_mib=954, tmpdir=<TBD>, runtime=2400, slurm_account=lsteinme


        unset PYTHONPATH
        unset PYTHONHOME
        export PYTHONNOUSERSITE=1

        rm -rf "/scratch/link/Amplicon_barcode_analysis/HepG2_dual_rep_GALNAC_bcwithqc/bcwithqc_output/I_L2_1"
        mkdir -p "/scratch/link/Amplicon_barcode_analysis/HepG2_dual_rep_GALNAC_bcwithqc/bcwithqc_output/I_L2_1"

        "/home/link/.conda/envs/py313/bin/bcwithqc" preprocess \
          "/scratch/link/Amplicon_barcode_analysis/HepG2_dual_rep_GALNAC_bcwithqc/bcwithqc_symlinks/I_L2_1" \
          --config="/g/steinmetz/link/Amplicon_barcode_analysis/library/bcwithqc_config_whole_genome_sublibs_1_to_4.json" \
          --output-dir="/scratch/link/Amplicon_barcode_analysis/HepG2_dual_rep_GALNAC_bcwithqc/bcwithqc_output/I_L2_1" \
          --threads="2" \
          --output-format-bam \
          -vv

        "/home/link/.conda/envs/py313/bin/bcwithqc" count \
          "/scratch/link/Amplicon_barcode_analysis/HepG2_dual_rep_GALNAC_bcwithqc/bcwithqc_output/I_L2_1" \
          --STAR-output-dir="/scratch/link/Amplicon_barcode_analysis/HepG2_dual_rep_GALNAC_bcwithqc/bcwithqc_output/I_L2_1" \
          --config="/g/steinmetz/link/Amplicon_barcode_analysis/library/bcwithqc_config_whole_genome_sublibs_1_to_4.json" \
          --output-dir="/scratch/link/Amplicon_barcode_analysis/HepG2_dual_rep_GALNAC_bcwithqc/bcwithqc_output/I_L2_1" \
          --threads="2" \
          -vv
          
        mkdir -p "$(dirname "/scratch/link/Amplicon_barcode_analysis/HepG2_dual_rep_GALNAC_bcwithqc/.pipeline_state/bcwithqc_done/I_L2_1.done")"
        touch "/scratch/link/Amplicon_barcode_analysis/HepG2_dual_rep_GALNAC_bcwithqc/.pipeline_state/bcwithqc_done/I_L2_1.done"
        
Job 14 has been submitted with SLURM jobid 57770187 (log: /home/link/Amplicon_barcode_analysis/Lukas_Pipeline/binned_PCR_amplicon_UMI_analysis/.snakemake/slurm_logs/rule_bcwithqc_one_sample/I_L2_1/57770187.log).

[Mon Jun 29 18:22:13 2026]
rule bcwithqc_one_sample:
    input: /scratch/link/Amplicon_barcode_analysis/HepG2_dual_rep_GALNAC_bcwithqc/bcwithqc_symlinks/U_L1_2/U_L1_2.fastq.gz
    output: /scratch/link/Amplicon_barcode_analysis/HepG2_dual_rep_GALNAC_bcwithqc/.pipeline_state/bcwithqc_done/U_L1_2.done
    jobid: 59
    reason: Missing output files: /scratch/link/Amplicon_barcode_analysis/HepG2_dual_rep_GALNAC_bcwithqc/.pipeline_state/bcwithqc_done/U_L1_2.done; Input files updated by another job: /scratch/link/Amplicon_barcode_analysis/HepG2_dual_rep_GALNAC_bcwithqc/bcwithqc_symlinks/U_L1_2/U_L1_2.fastq.gz
    wildcards: sample=U_L1_2
    threads: 2
    resources: mem_mb=40000, mem_mib=38147, disk_mb=1000, disk_mib=954, tmpdir=<TBD>, runtime=2400, slurm_account=lsteinme


        unset PYTHONPATH
        unset PYTHONHOME
        export PYTHONNOUSERSITE=1

        rm -rf "/scratch/link/Amplicon_barcode_analysis/HepG2_dual_rep_GALNAC_bcwithqc/bcwithqc_output/U_L1_2"
        mkdir -p "/scratch/link/Amplicon_barcode_analysis/HepG2_dual_rep_GALNAC_bcwithqc/bcwithqc_output/U_L1_2"

        "/home/link/.conda/envs/py313/bin/bcwithqc" preprocess \
          "/scratch/link/Amplicon_barcode_analysis/HepG2_dual_rep_GALNAC_bcwithqc/bcwithqc_symlinks/U_L1_2" \
          --config="/g/steinmetz/link/Amplicon_barcode_analysis/library/bcwithqc_config_whole_genome_sublibs_1_to_4.json" \
          --output-dir="/scratch/link/Amplicon_barcode_analysis/HepG2_dual_rep_GALNAC_bcwithqc/bcwithqc_output/U_L1_2" \
          --threads="2" \
          --output-format-bam \
          -vv

        "/home/link/.conda/envs/py313/bin/bcwithqc" count \
          "/scratch/link/Amplicon_barcode_analysis/HepG2_dual_rep_GALNAC_bcwithqc/bcwithqc_output/U_L1_2" \
          --STAR-output-dir="/scratch/link/Amplicon_barcode_analysis/HepG2_dual_rep_GALNAC_bcwithqc/bcwithqc_output/U_L1_2" \
          --config="/g/steinmetz/link/Amplicon_barcode_analysis/library/bcwithqc_config_whole_genome_sublibs_1_to_4.json" \
          --output-dir="/scratch/link/Amplicon_barcode_analysis/HepG2_dual_rep_GALNAC_bcwithqc/bcwithqc_output/U_L1_2" \
          --threads="2" \
          -vv
          
        mkdir -p "$(dirname "/scratch/link/Amplicon_barcode_analysis/HepG2_dual_rep_GALNAC_bcwithqc/.pipeline_state/bcwithqc_done/U_L1_2.done")"
        touch "/scratch/link/Amplicon_barcode_analysis/HepG2_dual_rep_GALNAC_bcwithqc/.pipeline_state/bcwithqc_done/U_L1_2.done"
        
Job 59 has been submitted with SLURM jobid 57770188 (log: /home/link/Amplicon_barcode_analysis/Lukas_Pipeline/binned_PCR_amplicon_UMI_analysis/.snakemake/slurm_logs/rule_bcwithqc_one_sample/U_L1_2/57770188.log).
Select jobs to execute...
